Dot,Blue,Brown,DarkGray,Green,LightPink,Orange,Purple,Red,Yellow,participant
1.0,0.0,0.0,0.0,0.0,0.355555555556,0.244444444444,0.0,0.4,0.0,166
2.0,0.0,0.266666666667,0.333333333333,0.4,0.0,0.0,0.0,0.0,0.0,166
3.0,0.466666666667,0.0,0.0,0.0,0.0,0.0,0.222222222222,0.0,0.288888888889,166
4.0,0.311111111111,0.0,0.0,0.0,0.0,0.0,0.333333333333,0.0,0.355555555556,166
5.0,0.0,0.0,0.0,0.0,0.377777777778,0.422222222222,0.0,0.2,0.0,166
6.0,0.222222222222,0.0,0.0,0.0,0.0,0.0,0.444444444444,0.0,0.333333333333,166
7.0,0.0,0.377777777778,0.422222222222,0.2,0.0,0.0,0.0,0.0,0.0,166
8.0,0.0,0.355555555556,0.244444444444,0.4,0.0,0.0,0.0,0.0,0.0,166
9.0,0.0,0.0,0.0,0.0,0.266666666667,0.333333333333,0.0,0.4,0.0,166
