Dot,Blue,Brown,DarkGray,Green,LightPink,Orange,Purple,Red,Yellow,participant
1.0,0.0,0.0,0.0,0.0,0.222222222222,0.377777777778,0.0,0.4,0.0,187
2.0,0.0,0.4,0.333333333333,0.266666666667,0.0,0.0,0.0,0.0,0.0,187
3.0,0.333333333333,0.0,0.0,0.0,0.0,0.0,0.355555555556,0.0,0.311111111111,187
4.0,0.4,0.0,0.0,0.0,0.0,0.0,0.355555555556,0.0,0.222222222222,187
5.0,0.0,0.0,0.0,0.0,0.377777777778,0.288888888889,0.0,0.333333333333,0.0,187
6.0,0.244444444444,0.0,0.0,0.0,0.0,0.0,0.288888888889,0.0,0.466666666667,187
7.0,0.0,0.377777777778,0.288888888889,0.333333333333,0.0,0.0,0.0,0.0,0.0,187
8.0,0.0,0.222222222222,0.377777777778,0.4,0.0,0.0,0.0,0.0,0.0,187
9.0,0.0,0.0,0.0,0.0,0.4,0.333333333333,0.0,0.266666666667,0.0,187
