Dot,Blue,Brown,DarkGray,Green,LightPink,Orange,Purple,Red,Yellow,participant
1.0,0.0,0.0,0.0,0.0,0.155555555556,0.444444444444,0.0,0.4,0.0,190
2.0,0.0,0.444444444444,0.311111111111,0.244444444444,0.0,0.0,0.0,0.0,0.0,190
3.0,0.288888888889,0.0,0.0,0.0,0.0,0.0,0.466666666667,0.0,0.244444444444,190
4.0,0.4,0.0,0.0,0.0,0.0,0.0,0.288888888889,0.0,0.288888888889,190
5.0,0.0,0.0,0.0,0.0,0.4,0.244444444444,0.0,0.355555555556,0.0,190
6.0,0.311111111111,0.0,0.0,0.0,0.0,0.0,0.222222222222,0.0,0.466666666667,190
7.0,0.0,0.4,0.244444444444,0.355555555556,0.0,0.0,0.0,0.0,0.0,190
8.0,0.0,0.155555555556,0.444444444444,0.4,0.0,0.0,0.0,0.0,0.0,190
9.0,0.0,0.0,0.0,0.0,0.444444444444,0.311111111111,0.0,0.244444444444,0.0,190
