Dot,Blue,Brown,DarkGray,Green,LightPink,Orange,Purple,Red,Yellow,participant
1.0,0.0,0.0,0.0,0.0,0.311111111111,0.311111111111,0.0,0.377777777778,0.0,150
2.0,0.0,0.377777777778,0.355555555556,0.266666666667,0.0,0.0,0.0,0.0,0.0,150
3.0,0.311111111111,0.0,0.0,0.0,0.0,0.0,0.311111111111,0.0,0.377777777778,150
4.0,0.377777777778,0.0,0.0,0.0,0.0,0.0,0.422222222222,0.0,0.2,150
5.0,0.0,0.0,0.0,0.0,0.311111111111,0.333333333333,0.0,0.355555555556,0.0,150
6.0,0.311111111111,0.0,0.0,0.0,0.0,0.0,0.266666666667,0.0,0.4,150
7.0,0.0,0.311111111111,0.333333333333,0.355555555556,0.0,0.0,0.0,0.0,0.0,150
8.0,0.0,0.311111111111,0.311111111111,0.377777777778,0.0,0.0,0.0,0.0,0.0,150
9.0,0.0,0.0,0.0,0.0,0.377777777778,0.355555555556,0.0,0.266666666667,0.0,150
