Dot,Blue,Brown,DarkGray,Green,LightPink,Orange,Purple,Red,Yellow,participant
1.0,0.0,0.0,0.0,0.0,0.244444444444,0.311111111111,0.0,0.444444444444,0.0,10
2.0,0.0,0.466666666667,0.288888888889,0.244444444444,0.0,0.0,0.0,0.0,0.0,10
3.0,0.311111111111,0.0,0.0,0.0,0.0,0.0,0.311111111111,0.0,0.355555555556,10
4.0,0.422222222222,0.0,0.0,0.0,0.0,0.0,0.377777777778,0.0,0.2,10
5.0,0.0,0.0,0.0,0.0,0.288888888889,0.4,0.0,0.311111111111,0.0,10
6.0,0.266666666667,0.0,0.0,0.0,0.0,0.0,0.311111111111,0.0,0.422222222222,10
7.0,0.0,0.288888888889,0.4,0.311111111111,0.0,0.0,0.0,0.0,0.0,10
8.0,0.0,0.244444444444,0.311111111111,0.444444444444,0.0,0.0,0.0,0.0,0.0,10
9.0,0.0,0.0,0.0,0.0,0.466666666667,0.288888888889,0.0,0.244444444444,0.0,10
