Dot,Blue,Brown,DarkGray,Green,LightPink,Orange,Purple,Red,Yellow,participant
1.0,0.0,0.0,0.0,0.0,0.288888888889,0.288888888889,0.0,0.422222222222,0.0,197
2.0,0.0,0.311111111111,0.377777777778,0.311111111111,0.0,0.0,0.0,0.0,0.0,197
3.0,0.355555555556,0.0,0.0,0.0,0.0,0.0,0.333333333333,0.0,0.311111111111,197
4.0,0.4,0.0,0.0,0.0,0.0,0.0,0.355555555556,0.0,0.244444444444,197
5.0,0.0,0.0,0.0,0.0,0.4,0.333333333333,0.0,0.266666666667,0.0,197
6.0,0.244444444444,0.0,0.0,0.0,0.0,0.0,0.311111111111,0.0,0.422222222222,197
7.0,0.0,0.4,0.333333333333,0.266666666667,0.0,0.0,0.0,0.0,0.0,197
8.0,0.0,0.288888888889,0.288888888889,0.422222222222,0.0,0.0,0.0,0.0,0.0,197
9.0,0.0,0.0,0.0,0.0,0.311111111111,0.377777777778,0.0,0.311111111111,0.0,197
