Dot,Blue,Brown,DarkGray,Green,LightPink,Orange,Purple,Red,Yellow,participant
1.0,0.0,0.0,0.0,0.0,0.333333333333,0.4,0.0,0.266666666667,0.0,160
2.0,0.0,0.266666666667,0.311111111111,0.422222222222,0.0,0.0,0.0,0.0,0.0,160
3.0,0.311111111111,0.0,0.0,0.0,0.0,0.0,0.4,0.0,0.288888888889,160
4.0,0.288888888889,0.0,0.0,0.0,0.0,0.0,0.311111111111,0.0,0.4,160
5.0,0.0,0.0,0.0,0.0,0.4,0.288888888889,0.0,0.311111111111,0.0,160
6.0,0.4,0.0,0.0,0.0,0.0,0.0,0.288888888889,0.0,0.288888888889,160
7.0,0.0,0.4,0.288888888889,0.311111111111,0.0,0.0,0.0,0.0,0.0,160
8.0,0.0,0.333333333333,0.4,0.266666666667,0.0,0.0,0.0,0.0,0.0,160
9.0,0.0,0.0,0.0,0.0,0.266666666667,0.311111111111,0.0,0.422222222222,0.0,160
