Dot,Blue,Brown,DarkGray,Green,LightPink,Orange,Purple,Red,Yellow,participant
1.0,0.0,0.0,0.0,0.0,0.333333333333,0.333333333333,0.0,0.333333333333,0.0,178
2.0,0.0,0.422222222222,0.244444444444,0.333333333333,0.0,0.0,0.0,0.0,0.0,178
3.0,0.377777777778,0.0,0.0,0.0,0.0,0.0,0.266666666667,0.0,0.355555555556,178
4.0,0.288888888889,0.0,0.0,0.0,0.0,0.0,0.4,0.0,0.311111111111,178
5.0,0.0,0.0,0.0,0.0,0.244444444444,0.422222222222,0.0,0.333333333333,0.0,178
6.0,0.311111111111,0.0,0.0,0.0,0.0,0.0,0.333333333333,0.0,0.333333333333,178
7.0,0.0,0.244444444444,0.422222222222,0.333333333333,0.0,0.0,0.0,0.0,0.0,178
8.0,0.0,0.333333333333,0.333333333333,0.333333333333,0.0,0.0,0.0,0.0,0.0,178
9.0,0.0,0.0,0.0,0.0,0.422222222222,0.244444444444,0.0,0.333333333333,0.0,178
