Dot,Blue,Brown,DarkGray,Green,LightPink,Orange,Purple,Red,Yellow,participant
1.0,0.0,0.0,0.0,0.0,0.311111111111,0.355555555556,0.0,0.333333333333,0.0,117
2.0,0.0,0.333333333333,0.244444444444,0.422222222222,0.0,0.0,0.0,0.0,0.0,117
3.0,0.4,0.0,0.0,0.0,0.0,0.0,0.311111111111,0.0,0.266666666667,117
4.0,0.244444444444,0.0,0.0,0.0,0.0,0.0,0.333333333333,0.0,0.422222222222,117
5.0,0.0,0.0,0.0,0.0,0.355555555556,0.4,0.0,0.244444444444,0.0,117
6.0,0.333333333333,0.0,0.0,0.0,0.0,0.0,0.355555555556,0.0,0.311111111111,117
7.0,0.0,0.355555555556,0.4,0.244444444444,0.0,0.0,0.0,0.0,0.0,117
8.0,0.0,0.311111111111,0.355555555556,0.333333333333,0.0,0.0,0.0,0.0,0.0,117
9.0,0.0,0.0,0.0,0.0,0.333333333333,0.244444444444,0.0,0.422222222222,0.0,117
