Dot,Blue,Brown,DarkGray,Green,LightPink,Orange,Purple,Red,Yellow,participant
1.0,0.0,0.0,0.0,0.0,0.244444444444,0.4,0.0,0.355555555556,0.0,168
2.0,0.0,0.377777777778,0.355555555556,0.266666666667,0.0,0.0,0.0,0.0,0.0,168
3.0,0.333333333333,0.0,0.0,0.0,0.0,0.0,0.355555555556,0.0,0.311111111111,168
4.0,0.311111111111,0.0,0.0,0.0,0.0,0.0,0.311111111111,0.0,0.355555555556,168
5.0,0.0,0.0,0.0,0.0,0.377777777778,0.244444444444,0.0,0.377777777778,0.0,168
6.0,0.355555555556,0.0,0.0,0.0,0.0,0.0,0.311111111111,0.0,0.333333333333,168
7.0,0.0,0.377777777778,0.244444444444,0.377777777778,0.0,0.0,0.0,0.0,0.0,168
8.0,0.0,0.244444444444,0.4,0.355555555556,0.0,0.0,0.0,0.0,0.0,168
9.0,0.0,0.0,0.0,0.0,0.377777777778,0.355555555556,0.0,0.266666666667,0.0,168
