Dot,Blue,Brown,DarkGray,Green,LightPink,Orange,Purple,Red,Yellow,participant
1.0,0.0,0.0,0.0,0.0,0.177777777778,0.444444444444,0.0,0.377777777778,0.0,181
2.0,0.0,0.288888888889,0.266666666667,0.444444444444,0.0,0.0,0.0,0.0,0.0,181
3.0,0.422222222222,0.0,0.0,0.0,0.0,0.0,0.355555555556,0.0,0.2,181
4.0,0.244444444444,0.0,0.0,0.0,0.0,0.0,0.4,0.0,0.355555555556,181
5.0,0.0,0.0,0.0,0.0,0.533333333333,0.288888888889,0.0,0.177777777778,0.0,181
6.0,0.311111111111,0.0,0.0,0.0,0.0,0.0,0.244444444444,0.0,0.444444444444,181
7.0,0.0,0.533333333333,0.288888888889,0.177777777778,0.0,0.0,0.0,0.0,0.0,181
8.0,0.0,0.177777777778,0.444444444444,0.377777777778,0.0,0.0,0.0,0.0,0.0,181
9.0,0.0,0.0,0.0,0.0,0.288888888889,0.266666666667,0.0,0.444444444444,0.0,181
