Dot,Blue,Brown,DarkGray,Green,LightPink,Orange,Purple,Red,Yellow,participant
1.0,0.0,0.0,0.0,0.0,0.4,0.355555555556,0.0,0.244444444444,0.0,116
2.0,0.0,0.288888888889,0.333333333333,0.377777777778,0.0,0.0,0.0,0.0,0.0,116
3.0,0.311111111111,0.0,0.0,0.0,0.0,0.0,0.355555555556,0.0,0.333333333333,116
4.0,0.222222222222,0.0,0.0,0.0,0.0,0.0,0.377777777778,0.0,0.4,116
5.0,0.0,0.0,0.0,0.0,0.311111111111,0.311111111111,0.0,0.377777777778,0.0,116
6.0,0.444444444444,0.0,0.0,0.0,0.0,0.0,0.266666666667,0.0,0.266666666667,116
7.0,0.0,0.311111111111,0.311111111111,0.377777777778,0.0,0.0,0.0,0.0,0.0,116
8.0,0.0,0.4,0.355555555556,0.244444444444,0.0,0.0,0.0,0.0,0.0,116
9.0,0.0,0.0,0.0,0.0,0.288888888889,0.333333333333,0.0,0.377777777778,0.0,116
