Dot,Blue,Brown,DarkGray,Green,LightPink,Orange,Purple,Red,Yellow,participant
1.0,0.0,0.0,0.0,0.0,0.266666666667,0.266666666667,0.0,0.466666666667,0.0,122
2.0,0.0,0.444444444444,0.288888888889,0.266666666667,0.0,0.0,0.0,0.0,0.0,122
3.0,0.311111111111,0.0,0.0,0.0,0.0,0.0,0.266666666667,0.0,0.422222222222,122
4.0,0.488888888889,0.0,0.0,0.0,0.0,0.0,0.333333333333,0.0,0.155555555556,122
5.0,0.0,0.0,0.0,0.0,0.288888888889,0.444444444444,0.0,0.266666666667,0.0,122
6.0,0.2,0.0,0.0,0.0,0.0,0.0,0.4,0.0,0.4,122
7.0,0.0,0.288888888889,0.444444444444,0.266666666667,0.0,0.0,0.0,0.0,0.0,122
8.0,0.0,0.266666666667,0.266666666667,0.466666666667,0.0,0.0,0.0,0.0,0.0,122
9.0,0.0,0.0,0.0,0.0,0.444444444444,0.288888888889,0.0,0.266666666667,0.0,122
