Dot,Blue,Brown,DarkGray,Green,LightPink,Orange,Purple,Red,Yellow,participant
1.0,0.0,0.0,0.0,0.0,0.288888888889,0.422222222222,0.0,0.288888888889,0.0,3
2.0,0.0,0.4,0.288888888889,0.311111111111,0.0,0.0,0.0,0.0,0.0,3
3.0,0.177777777778,0.0,0.0,0.0,0.0,0.0,0.444444444444,0.0,0.377777777778,3
4.0,0.377777777778,0.0,0.0,0.0,0.0,0.0,0.355555555556,0.0,0.266666666667,3
5.0,0.0,0.0,0.0,0.0,0.311111111111,0.288888888889,0.0,0.4,0.0,3
6.0,0.422222222222,0.0,0.0,0.0,0.0,0.0,0.2,0.0,0.355555555556,3
7.0,0.0,0.311111111111,0.288888888889,0.4,0.0,0.0,0.0,0.0,0.0,3
8.0,0.0,0.288888888889,0.422222222222,0.288888888889,0.0,0.0,0.0,0.0,0.0,3
9.0,0.0,0.0,0.0,0.0,0.4,0.288888888889,0.0,0.311111111111,0.0,3
