Dot,Blue,Brown,DarkGray,Green,LightPink,Orange,Purple,Red,Yellow,participant
1.0,0.0,0.0,0.0,0.0,0.288888888889,0.4,0.0,0.311111111111,0.0,109
2.0,0.0,0.4,0.2,0.4,0.0,0.0,0.0,0.0,0.0,109
3.0,0.4,0.0,0.0,0.0,0.0,0.0,0.288888888889,0.0,0.311111111111,109
4.0,0.288888888889,0.0,0.0,0.0,0.0,0.0,0.4,0.0,0.311111111111,109
5.0,0.0,0.0,0.0,0.0,0.311111111111,0.4,0.0,0.288888888889,0.0,109
6.0,0.288888888889,0.0,0.0,0.0,0.0,0.0,0.311111111111,0.0,0.377777777778,109
7.0,0.0,0.311111111111,0.4,0.288888888889,0.0,0.0,0.0,0.0,0.0,109
8.0,0.0,0.288888888889,0.4,0.311111111111,0.0,0.0,0.0,0.0,0.0,109
9.0,0.0,0.0,0.0,0.0,0.4,0.2,0.0,0.4,0.0,109
