Dot,Blue,Brown,DarkGray,Green,LightPink,Orange,Purple,Red,Yellow,participant
1.0,0.0,0.0,0.0,0.0,0.177777777778,0.266666666667,0.0,0.555555555556,0.0,180
2.0,0.0,0.4,0.377777777778,0.222222222222,0.0,0.0,0.0,0.0,0.0,180
3.0,0.422222222222,0.0,0.0,0.0,0.0,0.0,0.355555555556,0.0,0.222222222222,180
4.0,0.4,0.0,0.0,0.0,0.0,0.0,0.266666666667,0.0,0.333333333333,180
5.0,0.0,0.0,0.0,0.0,0.422222222222,0.355555555556,0.0,0.222222222222,0.0,180
6.0,0.155555555556,0.0,0.0,0.0,0.0,0.0,0.377777777778,0.0,0.444444444444,180
7.0,0.0,0.422222222222,0.355555555556,0.222222222222,0.0,0.0,0.0,0.0,0.0,180
8.0,0.0,0.177777777778,0.266666666667,0.555555555556,0.0,0.0,0.0,0.0,0.0,180
9.0,0.0,0.0,0.0,0.0,0.4,0.377777777778,0.0,0.222222222222,0.0,180
