Dot,Blue,Brown,DarkGray,Green,LightPink,Orange,Purple,Red,Yellow,participant
1.0,0.0,0.0,0.0,0.0,0.333333333333,0.377777777778,0.0,0.288888888889,0.0,100
2.0,0.0,0.377777777778,0.355555555556,0.266666666667,0.0,0.0,0.0,0.0,0.0,100
3.0,0.2,0.0,0.0,0.0,0.0,0.0,0.422222222222,0.0,0.377777777778,100
4.0,0.288888888889,0.0,0.0,0.0,0.0,0.0,0.355555555556,0.0,0.333333333333,100
5.0,0.0,0.0,0.0,0.0,0.288888888889,0.266666666667,0.0,0.444444444444,0.0,100
6.0,0.511111111111,0.0,0.0,0.0,0.0,0.0,0.2,0.0,0.288888888889,100
7.0,0.0,0.288888888889,0.266666666667,0.444444444444,0.0,0.0,0.0,0.0,0.0,100
8.0,0.0,0.333333333333,0.377777777778,0.288888888889,0.0,0.0,0.0,0.0,0.0,100
9.0,0.0,0.0,0.0,0.0,0.377777777778,0.355555555556,0.0,0.266666666667,0.0,100
