index,Blue,Brown,DarkGray,Green,Orange,Pink,Purple,Red,Yellow,participant
1.0,0.0,0.0,0.0,0.0,0.355555555556,0.377777777778,0.0,0.266666666667,0.0,7
2.0,0.0,0.4,0.4,0.2,0.0,0.0,0.0,0.0,0.0,7
3.0,0.288888888889,0.0,0.0,0.0,0.0,0.0,0.355555555556,0.0,0.355555555556,7
4.0,0.377777777778,0.0,0.0,0.0,0.0,0.0,0.288888888889,0.0,0.333333333333,7
5.0,0.0,0.0,0.0,0.0,0.244444444444,0.222222222222,0.0,0.533333333333,0.0,7
6.0,0.333333333333,0.0,0.0,0.0,0.0,0.0,0.333333333333,0.0,0.311111111111,7
7.0,0.0,0.222222222222,0.244444444444,0.533333333333,0.0,0.0,0.0,0.0,0.0,7
8.0,0.0,0.377777777778,0.355555555556,0.266666666667,0.0,0.0,0.0,0.0,0.0,7
9.0,0.0,0.0,0.0,0.0,0.4,0.4,0.0,0.2,0.0,7
