index,Blue,Purple,Yellow,Orange,Pink,Red,Brown,DarkGray,Green,participant
1.0,0.377777777778,0.244444444444,0.377777777778,0.0,0.0,0.0,0.0,0.0,0.0,9
2.0,0.0,0.0,0.0,0.333333333333,0.244444444444,0.4,0.0,0.0,0.0,9
3.0,0.0,0.0,0.0,0.0,0.0,0.0,0.355555555556,0.422222222222,0.222222222222,9
4.0,0.0,0.0,0.0,0.0,0.0,0.0,0.244444444444,0.333333333333,0.4,9
5.0,0.222222222222,0.422222222222,0.355555555556,0.0,0.0,0.0,0.0,0.0,0.0,9
6.0,0.0,0.0,0.0,0.0,0.0,0.0,0.377777777778,0.244444444444,0.377777777778,9
7.0,0.0,0.0,0.0,0.422222222222,0.355555555556,0.222222222222,0.0,0.0,0.0,9
8.0,0.0,0.0,0.0,0.244444444444,0.377777777778,0.377777777778,0.0,0.0,0.0,9
9.0,0.4,0.333333333333,0.244444444444,0.0,0.0,0.0,0.0,0.0,0.0,9
