index,Blue,Purple,Yellow,Orange,Pink,Red,Brown,DarkGray,Green,participant
1.0,0.222222222222,0.422222222222,0.333333333333,0.0,0.0,0.0,0.0,0.0,0.0,1
2.0,0.0,0.0,0.0,0.288888888889,0.4,0.311111111111,0.0,0.0,0.0,1
3.0,0.0,0.0,0.0,0.0,0.0,0.0,0.266666666667,0.288888888889,0.444444444444,1
4.0,0.0,0.0,0.0,0.0,0.0,0.0,0.4,0.288888888889,0.311111111111,1
5.0,0.444444444444,0.288888888889,0.266666666667,0.0,0.0,0.0,0.0,0.0,0.0,1
6.0,0.0,0.0,0.0,0.0,0.0,0.0,0.333333333333,0.422222222222,0.222222222222,1
7.0,0.0,0.0,0.0,0.288888888889,0.266666666667,0.444444444444,0.0,0.0,0.0,1
8.0,0.0,0.0,0.0,0.422222222222,0.333333333333,0.222222222222,0.0,0.0,0.0,1
9.0,0.311111111111,0.288888888889,0.4,0.0,0.0,0.0,0.0,0.0,0.0,1
