index,Blue,Purple,Yellow,Orange,Pink,Red,Brown,DarkGray,Green,participant
1.0,0.333333333333,0.333333333333,0.311111111111,0.0,0.0,0.0,0.0,0.0,0.0,4
2.0,0.0,0.0,0.0,0.266666666667,0.377777777778,0.355555555556,0.0,0.0,0.0,4
3.0,0.0,0.0,0.0,0.0,0.0,0.0,0.288888888889,0.4,0.311111111111,4
4.0,0.0,0.0,0.0,0.0,0.0,0.0,0.377777777778,0.266666666667,0.355555555556,4
5.0,0.311111111111,0.4,0.288888888889,0.0,0.0,0.0,0.0,0.0,0.0,4
6.0,0.0,0.0,0.0,0.0,0.0,0.0,0.311111111111,0.333333333333,0.333333333333,4
7.0,0.0,0.0,0.0,0.4,0.288888888889,0.311111111111,0.0,0.0,0.0,4
8.0,0.0,0.0,0.0,0.333333333333,0.311111111111,0.333333333333,0.0,0.0,0.0,4
9.0,0.355555555556,0.266666666667,0.377777777778,0.0,0.0,0.0,0.0,0.0,0.0,4
