index,Blue,Purple,Yellow,Orange,Pink,Red,Brown,DarkGray,Green,participant
1.0,0.222222222222,0.466666666667,0.311111111111,0.0,0.0,0.0,0.0,0.0,0.0,5
2.0,0.0,0.0,0.0,0.311111111111,0.422222222222,0.244444444444,0.0,0.0,0.0,5
3.0,0.0,0.0,0.0,0.0,0.0,0.0,0.266666666667,0.222222222222,0.511111111111,5
4.0,0.0,0.0,0.0,0.0,0.0,0.0,0.422222222222,0.311111111111,0.244444444444,5
5.0,0.511111111111,0.222222222222,0.266666666667,0.0,0.0,0.0,0.0,0.0,0.0,5
6.0,0.0,0.0,0.0,0.0,0.0,0.0,0.311111111111,0.466666666667,0.222222222222,5
7.0,0.0,0.0,0.0,0.222222222222,0.266666666667,0.511111111111,0.0,0.0,0.0,5
8.0,0.0,0.0,0.0,0.466666666667,0.311111111111,0.222222222222,0.0,0.0,0.0,5
9.0,0.244444444444,0.311111111111,0.422222222222,0.0,0.0,0.0,0.0,0.0,0.0,5
