index,Blue,Brown,DarkGray,Green,Orange,Pink,Purple,Red,Yellow,participant
1.0,0.0,0.0,0.0,0.0,0.377777777778,0.266666666667,0.0,0.355555555556,0.0,8
2.0,0.0,0.377777777778,0.311111111111,0.311111111111,0.0,0.0,0.0,0.0,0.0,8
3.0,0.333333333333,0.0,0.0,0.0,0.0,0.0,0.288888888889,0.0,0.377777777778,8
4.0,0.355555555556,0.0,0.0,0.0,0.0,0.0,0.377777777778,0.0,0.266666666667,8
5.0,0.0,0.0,0.0,0.0,0.311111111111,0.355555555556,0.0,0.333333333333,0.0,8
6.0,0.288888888889,0.0,0.0,0.0,0.0,0.0,0.333333333333,0.0,0.355555555556,8
7.0,0.0,0.355555555556,0.311111111111,0.333333333333,0.0,0.0,0.0,0.0,0.0,8
8.0,0.0,0.266666666667,0.377777777778,0.355555555556,0.0,0.0,0.0,0.0,0.0,8
9.0,0.0,0.0,0.0,0.0,0.311111111111,0.377777777778,0.0,0.311111111111,0.0,8
