index,Blue,Purple,Yellow,Orange,Pink,Red,Brown,DarkGray,Green,participant
1.0,0.377777777778,0.244444444444,0.377777777778,0.0,0.0,0.0,0.0,0.0,0.0,10
2.0,0.0,0.0,0.0,0.333333333333,0.311111111111,0.355555555556,0.0,0.0,0.0,10
3.0,0.0,0.0,0.0,0.0,0.0,0.0,0.288888888889,0.422222222222,0.266666666667,10
4.0,0.0,0.0,0.0,0.0,0.0,0.0,0.311111111111,0.333333333333,0.355555555556,10
5.0,0.266666666667,0.422222222222,0.288888888889,0.0,0.0,0.0,0.0,0.0,0.0,10
6.0,0.0,0.0,0.0,0.0,0.0,0.0,0.377777777778,0.244444444444,0.377777777778,10
7.0,0.0,0.0,0.0,0.422222222222,0.288888888889,0.266666666667,0.0,0.0,0.0,10
8.0,0.0,0.0,0.0,0.244444444444,0.377777777778,0.377777777778,0.0,0.0,0.0,10
9.0,0.355555555556,0.333333333333,0.311111111111,0.0,0.0,0.0,0.0,0.0,0.0,10
