index,Blue,Purple,Yellow,Orange,Pink,Red,Brown,DarkGray,Green,participant
1.0,0.311111111111,0.422222222222,0.266666666667,0.0,0.0,0.0,0.0,0.0,0.0,8
2.0,0.0,0.0,0.0,0.266666666667,0.266666666667,0.444444444444,0.0,0.0,0.0,8
3.0,0.0,0.0,0.0,0.0,0.0,0.0,0.444444444444,0.311111111111,0.244444444444,8
4.0,0.0,0.0,0.0,0.0,0.0,0.0,0.266666666667,0.266666666667,0.444444444444,8
5.0,0.244444444444,0.311111111111,0.444444444444,0.0,0.0,0.0,0.0,0.0,0.0,8
6.0,0.0,0.0,0.0,0.0,0.0,0.0,0.266666666667,0.422222222222,0.311111111111,8
7.0,0.0,0.0,0.0,0.311111111111,0.444444444444,0.244444444444,0.0,0.0,0.0,8
8.0,0.0,0.0,0.0,0.422222222222,0.266666666667,0.311111111111,0.0,0.0,0.0,8
9.0,0.444444444444,0.266666666667,0.266666666667,0.0,0.0,0.0,0.0,0.0,0.0,8
