index,Blue,Purple,Yellow,Orange,Pink,Red,Brown,DarkGray,Green,participant
1.0,0.288888888889,0.4,0.288888888889,0.0,0.0,0.0,0.0,0.0,0.0,3
2.0,0.0,0.0,0.0,0.2,0.355555555556,0.444444444444,0.0,0.0,0.0,3
3.0,0.0,0.0,0.0,0.0,0.0,0.0,0.355555555556,0.4,0.244444444444,3
4.0,0.0,0.0,0.0,0.0,0.0,0.0,0.355555555556,0.2,0.444444444444,3
5.0,0.244444444444,0.4,0.355555555556,0.0,0.0,0.0,0.0,0.0,0.0,3
6.0,0.0,0.0,0.0,0.0,0.0,0.0,0.288888888889,0.4,0.288888888889,3
7.0,0.0,0.0,0.0,0.4,0.355555555556,0.244444444444,0.0,0.0,0.0,3
8.0,0.0,0.0,0.0,0.4,0.288888888889,0.288888888889,0.0,0.0,0.0,3
9.0,0.444444444444,0.2,0.355555555556,0.0,0.0,0.0,0.0,0.0,0.0,3
