index,Blue,Purple,Yellow,Orange,Pink,Red,Brown,DarkGray,Green,participant
1.0,0.288888888889,0.355555555556,0.333333333333,0.0,0.0,0.0,0.0,0.0,0.0,6
2.0,0.0,0.0,0.0,0.4,0.422222222222,0.177777777778,0.0,0.0,0.0,6
3.0,0.0,0.0,0.0,0.0,0.0,0.0,0.244444444444,0.222222222222,0.533333333333,6
4.0,0.0,0.0,0.0,0.0,0.0,0.0,0.422222222222,0.4,0.177777777778,6
5.0,0.533333333333,0.222222222222,0.244444444444,0.0,0.0,0.0,0.0,0.0,0.0,6
6.0,0.0,0.0,0.0,0.0,0.0,0.0,0.333333333333,0.355555555556,0.288888888889,6
7.0,0.0,0.0,0.0,0.222222222222,0.244444444444,0.533333333333,0.0,0.0,0.0,6
8.0,0.0,0.0,0.0,0.355555555556,0.333333333333,0.288888888889,0.0,0.0,0.0,6
9.0,0.177777777778,0.4,0.422222222222,0.0,0.0,0.0,0.0,0.0,0.0,6
