Dot,Blue,Brown,DarkGray,Green,LightPink,Orange,Purple,Red,Yellow,participant
1.0,0.0,0.0,0.0,0.0,0.355555555556,0.288888888889,0.0,0.355555555556,0.0,167
2.0,0.0,0.266666666667,0.266666666667,0.466666666667,0.0,0.0,0.0,0.0,0.0,167
3.0,0.466666666667,0.0,0.0,0.0,0.0,0.0,0.244444444444,0.0,0.266666666667,167
4.0,0.222222222222,0.0,0.0,0.0,0.0,0.0,0.4,0.0,0.377777777778,167
5.0,0.0,0.0,0.0,0.0,0.377777777778,0.444444444444,0.0,0.177777777778,0.0,167
6.0,0.311111111111,0.0,0.0,0.0,0.0,0.0,0.355555555556,0.0,0.333333333333,167
7.0,0.0,0.377777777778,0.444444444444,0.177777777778,0.0,0.0,0.0,0.0,0.0,167
8.0,0.0,0.355555555556,0.288888888889,0.355555555556,0.0,0.0,0.0,0.0,0.0,167
9.0,0.0,0.0,0.0,0.0,0.266666666667,0.266666666667,0.0,0.466666666667,0.0,167
