Dot,Blue,Brown,DarkGray,Green,LightPink,Orange,Purple,Red,Yellow,participant
1.0,0.0,0.0,0.0,0.0,0.222222222222,0.4,0.0,0.377777777778,0.0,148
2.0,0.0,0.288888888889,0.288888888889,0.422222222222,0.0,0.0,0.0,0.0,0.0,148
3.0,0.377777777778,0.0,0.0,0.0,0.0,0.0,0.4,0.0,0.222222222222,148
4.0,0.244444444444,0.0,0.0,0.0,0.0,0.0,0.377777777778,0.0,0.377777777778,148
5.0,0.0,0.0,0.0,0.0,0.488888888889,0.311111111111,0.0,0.2,0.0,148
6.0,0.377777777778,0.0,0.0,0.0,0.0,0.0,0.222222222222,0.0,0.377777777778,148
7.0,0.0,0.488888888889,0.311111111111,0.2,0.0,0.0,0.0,0.0,0.0,148
8.0,0.0,0.222222222222,0.4,0.377777777778,0.0,0.0,0.0,0.0,0.0,148
9.0,0.0,0.0,0.0,0.0,0.288888888889,0.288888888889,0.0,0.422222222222,0.0,148
