Dot,Blue,Brown,DarkGray,Green,LightPink,Orange,Purple,Red,Yellow,participant
1.0,0.0,0.0,0.0,0.0,0.177777777778,0.4,0.0,0.422222222222,0.0,152
2.0,0.0,0.444444444444,0.355555555556,0.2,0.0,0.0,0.0,0.0,0.0,152
3.0,0.288888888889,0.0,0.0,0.0,0.0,0.0,0.355555555556,0.0,0.333333333333,152
4.0,0.444444444444,0.0,0.0,0.0,0.0,0.0,0.377777777778,0.0,0.177777777778,152
5.0,0.0,0.0,0.0,0.0,0.377777777778,0.244444444444,0.0,0.377777777778,0.0,152
6.0,0.266666666667,0.0,0.0,0.0,0.0,0.0,0.244444444444,0.0,0.488888888889,152
7.0,0.0,0.377777777778,0.244444444444,0.377777777778,0.0,0.0,0.0,0.0,0.0,152
8.0,0.0,0.177777777778,0.4,0.422222222222,0.0,0.0,0.0,0.0,0.0,152
9.0,0.0,0.0,0.0,0.0,0.444444444444,0.355555555556,0.0,0.2,0.0,152
