Dot,Blue,Brown,DarkGray,Green,LightPink,Orange,Purple,Red,Yellow,participant
1.0,0.0,0.0,0.0,0.0,0.266666666667,0.355555555556,0.0,0.377777777778,0.0,177
2.0,0.0,0.355555555556,0.4,0.244444444444,0.0,0.0,0.0,0.0,0.0,177
3.0,0.288888888889,0.0,0.0,0.0,0.0,0.0,0.4,0.0,0.288888888889,177
4.0,0.422222222222,0.0,0.0,0.0,0.0,0.0,0.266666666667,0.0,0.311111111111,177
5.0,0.0,0.0,0.0,0.0,0.377777777778,0.244444444444,0.0,0.377777777778,0.0,177
6.0,0.266666666667,0.0,0.0,0.0,0.0,0.0,0.333333333333,0.0,0.4,177
7.0,0.0,0.377777777778,0.244444444444,0.377777777778,0.0,0.0,0.0,0.0,0.0,177
8.0,0.0,0.266666666667,0.355555555556,0.377777777778,0.0,0.0,0.0,0.0,0.0,177
9.0,0.0,0.0,0.0,0.0,0.355555555556,0.4,0.0,0.244444444444,0.0,177
