Dot,Blue,Brown,DarkGray,Green,LightPink,Orange,Purple,Red,Yellow,participant
1.0,0.0,0.0,0.0,0.0,0.4,0.288888888889,0.0,0.311111111111,0.0,121
2.0,0.0,0.288888888889,0.333333333333,0.377777777778,0.0,0.0,0.0,0.0,0.0,121
3.0,0.333333333333,0.0,0.0,0.0,0.0,0.0,0.311111111111,0.0,0.355555555556,121
4.0,0.311111111111,0.0,0.0,0.0,0.0,0.0,0.333333333333,0.0,0.355555555556,121
5.0,0.0,0.0,0.0,0.0,0.311111111111,0.377777777778,0.0,0.311111111111,0.0,121
6.0,0.355555555556,0.0,0.0,0.0,0.0,0.0,0.333333333333,0.0,0.288888888889,121
7.0,0.0,0.311111111111,0.377777777778,0.311111111111,0.0,0.0,0.0,0.0,0.0,121
8.0,0.0,0.4,0.288888888889,0.311111111111,0.0,0.0,0.0,0.0,0.0,121
9.0,0.0,0.0,0.0,0.0,0.288888888889,0.333333333333,0.0,0.377777777778,0.0,121
