Dot,Blue,Brown,DarkGray,Green,LightPink,Orange,Purple,Red,Yellow,participant
1.0,0.0,0.0,0.0,0.0,0.333333333333,0.333333333333,0.0,0.333333333333,0.0,113
2.0,0.0,0.311111111111,0.4,0.288888888889,0.0,0.0,0.0,0.0,0.0,113
3.0,0.355555555556,0.0,0.0,0.0,0.0,0.0,0.311111111111,0.0,0.333333333333,113
4.0,0.288888888889,0.0,0.0,0.0,0.0,0.0,0.311111111111,0.0,0.377777777778,113
5.0,0.0,0.0,0.0,0.0,0.355555555556,0.266666666667,0.0,0.377777777778,0.0,113
6.0,0.333333333333,0.0,0.0,0.0,0.0,0.0,0.377777777778,0.0,0.288888888889,113
7.0,0.0,0.355555555556,0.266666666667,0.377777777778,0.0,0.0,0.0,0.0,0.0,113
8.0,0.0,0.333333333333,0.333333333333,0.333333333333,0.0,0.0,0.0,0.0,0.0,113
9.0,0.0,0.0,0.0,0.0,0.311111111111,0.4,0.0,0.288888888889,0.0,113
