Dot,Blue,Brown,DarkGray,Green,LightPink,Orange,Purple,Red,Yellow,participant
1.0,0.0,0.0,0.0,0.0,0.377777777778,0.4,0.0,0.222222222222,0.0,193
2.0,0.0,0.311111111111,0.222222222222,0.466666666667,0.0,0.0,0.0,0.0,0.0,193
3.0,0.333333333333,0.0,0.0,0.0,0.0,0.0,0.333333333333,0.0,0.333333333333,193
4.0,0.266666666667,0.0,0.0,0.0,0.0,0.0,0.311111111111,0.0,0.4,193
5.0,0.0,0.0,0.0,0.0,0.311111111111,0.377777777778,0.0,0.311111111111,0.0,193
6.0,0.4,0.0,0.0,0.0,0.0,0.0,0.333333333333,0.0,0.266666666667,193
7.0,0.0,0.311111111111,0.377777777778,0.311111111111,0.0,0.0,0.0,0.0,0.0,193
8.0,0.0,0.377777777778,0.4,0.222222222222,0.0,0.0,0.0,0.0,0.0,193
9.0,0.0,0.0,0.0,0.0,0.311111111111,0.222222222222,0.0,0.466666666667,0.0,193
