Dot,Blue,Brown,DarkGray,Green,LightPink,Orange,Purple,Red,Yellow,participant
1.0,0.0,0.0,0.0,0.0,0.377777777778,0.288888888889,0.0,0.333333333333,0.0,188
2.0,0.0,0.333333333333,0.244444444444,0.422222222222,0.0,0.0,0.0,0.0,0.0,188
3.0,0.311111111111,0.0,0.0,0.0,0.0,0.0,0.244444444444,0.0,0.444444444444,188
4.0,0.377777777778,0.0,0.0,0.0,0.0,0.0,0.311111111111,0.0,0.311111111111,188
5.0,0.0,0.0,0.0,0.0,0.288888888889,0.466666666667,0.0,0.244444444444,0.0,188
6.0,0.288888888889,0.0,0.0,0.0,0.0,0.0,0.444444444444,0.0,0.244444444444,188
7.0,0.0,0.288888888889,0.466666666667,0.244444444444,0.0,0.0,0.0,0.0,0.0,188
8.0,0.0,0.377777777778,0.288888888889,0.333333333333,0.0,0.0,0.0,0.0,0.0,188
9.0,0.0,0.0,0.0,0.0,0.333333333333,0.244444444444,0.0,0.422222222222,0.0,188
