Dot,Blue,Brown,DarkGray,Green,LightPink,Orange,Purple,Red,Yellow,participant
1.0,0.0,0.0,0.0,0.0,0.311111111111,0.266666666667,0.0,0.422222222222,0.0,158
2.0,0.0,0.2,0.422222222222,0.377777777778,0.0,0.0,0.0,0.0,0.0,158
3.0,0.422222222222,0.0,0.0,0.0,0.0,0.0,0.333333333333,0.0,0.244444444444,158
4.0,0.311111111111,0.0,0.0,0.0,0.0,0.0,0.177777777778,0.0,0.488888888889,158
5.0,0.0,0.0,0.0,0.0,0.488888888889,0.311111111111,0.0,0.2,0.0,158
6.0,0.266666666667,0.0,0.0,0.0,0.0,0.0,0.488888888889,0.0,0.244444444444,158
7.0,0.0,0.488888888889,0.311111111111,0.2,0.0,0.0,0.0,0.0,0.0,158
8.0,0.0,0.311111111111,0.266666666667,0.422222222222,0.0,0.0,0.0,0.0,0.0,158
9.0,0.0,0.0,0.0,0.0,0.2,0.422222222222,0.0,0.377777777778,0.0,158
