Dot,Blue,Brown,DarkGray,Green,LightPink,Orange,Purple,Red,Yellow,participant
1.0,0.0,0.0,0.0,0.0,0.4,0.244444444444,0.0,0.355555555556,0.0,192
2.0,0.0,0.244444444444,0.4,0.355555555556,0.0,0.0,0.0,0.0,0.0,192
3.0,0.4,0.0,0.0,0.0,0.0,0.0,0.288888888889,0.0,0.288888888889,192
4.0,0.355555555556,0.0,0.0,0.0,0.0,0.0,0.222222222222,0.0,0.422222222222,192
5.0,0.0,0.0,0.0,0.0,0.355555555556,0.355555555556,0.0,0.288888888889,0.0,192
6.0,0.222222222222,0.0,0.0,0.0,0.0,0.0,0.488888888889,0.0,0.288888888889,192
7.0,0.0,0.355555555556,0.355555555556,0.288888888889,0.0,0.0,0.0,0.0,0.0,192
8.0,0.0,0.4,0.244444444444,0.355555555556,0.0,0.0,0.0,0.0,0.0,192
9.0,0.0,0.0,0.0,0.0,0.244444444444,0.4,0.0,0.355555555556,0.0,192
