Dot,Blue,Brown,DarkGray,Green,LightPink,Orange,Purple,Red,Yellow,participant
1.0,0.0,0.0,0.0,0.0,0.4,0.333333333333,0.0,0.266666666667,0.0,123
2.0,0.0,0.333333333333,0.222222222222,0.444444444444,0.0,0.0,0.0,0.0,0.0,123
3.0,0.311111111111,0.0,0.0,0.0,0.0,0.0,0.288888888889,0.0,0.377777777778,123
4.0,0.266666666667,0.0,0.0,0.0,0.0,0.0,0.4,0.0,0.333333333333,123
5.0,0.0,0.0,0.0,0.0,0.266666666667,0.444444444444,0.0,0.288888888889,0.0,123
6.0,0.422222222222,0.0,0.0,0.0,0.0,0.0,0.288888888889,0.0,0.288888888889,123
7.0,0.0,0.266666666667,0.444444444444,0.288888888889,0.0,0.0,0.0,0.0,0.0,123
8.0,0.0,0.4,0.333333333333,0.266666666667,0.0,0.0,0.0,0.0,0.0,123
9.0,0.0,0.0,0.0,0.0,0.333333333333,0.222222222222,0.0,0.444444444444,0.0,123
