Dot,Blue,Brown,DarkGray,Green,LightPink,Orange,Purple,Red,Yellow,participant
1.0,0.0,0.0,0.0,0.0,0.377777777778,0.333333333333,0.0,0.288888888889,0.0,179
2.0,0.0,0.244444444444,0.377777777778,0.377777777778,0.0,0.0,0.0,0.0,0.0,179
3.0,0.266666666667,0.0,0.0,0.0,0.0,0.0,0.377777777778,0.0,0.355555555556,179
4.0,0.355555555556,0.0,0.0,0.0,0.0,0.0,0.288888888889,0.0,0.333333333333,179
5.0,0.0,0.0,0.0,0.0,0.377777777778,0.288888888889,0.0,0.333333333333,0.0,179
6.0,0.377777777778,0.0,0.0,0.0,0.0,0.0,0.333333333333,0.0,0.288888888889,179
7.0,0.0,0.377777777778,0.288888888889,0.333333333333,0.0,0.0,0.0,0.0,0.0,179
8.0,0.0,0.377777777778,0.333333333333,0.288888888889,0.0,0.0,0.0,0.0,0.0,179
9.0,0.0,0.0,0.0,0.0,0.244444444444,0.377777777778,0.0,0.377777777778,0.0,179
