Dot,Blue,Brown,DarkGray,Green,LightPink,Orange,Purple,Red,Yellow,participant
1.0,0.0,0.0,0.0,0.0,0.244444444444,0.444444444444,0.0,0.311111111111,0.0,120
2.0,0.0,0.311111111111,0.311111111111,0.377777777778,0.0,0.0,0.0,0.0,0.0,120
3.0,0.266666666667,0.0,0.0,0.0,0.0,0.0,0.444444444444,0.0,0.266666666667,120
4.0,0.266666666667,0.0,0.0,0.0,0.0,0.0,0.4,0.0,0.333333333333,120
5.0,0.0,0.0,0.0,0.0,0.444444444444,0.244444444444,0.0,0.311111111111,0.0,120
6.0,0.444444444444,0.0,0.0,0.0,0.0,0.0,0.155555555556,0.0,0.4,120
7.0,0.0,0.444444444444,0.244444444444,0.311111111111,0.0,0.0,0.0,0.0,0.0,120
8.0,0.0,0.244444444444,0.444444444444,0.311111111111,0.0,0.0,0.0,0.0,0.0,120
9.0,0.0,0.0,0.0,0.0,0.311111111111,0.311111111111,0.0,0.377777777778,0.0,120
