Dot,Blue,Brown,DarkGray,Green,LightPink,Orange,Purple,Red,Yellow,participant
1.0,0.0,0.0,0.0,0.0,0.444444444444,0.2,0.0,0.355555555556,0.0,144
2.0,0.0,0.266666666667,0.377777777778,0.355555555556,0.0,0.0,0.0,0.0,0.0,144
3.0,0.4,0.0,0.0,0.0,0.0,0.0,0.244444444444,0.0,0.355555555556,144
4.0,0.333333333333,0.0,0.0,0.0,0.0,0.0,0.311111111111,0.0,0.355555555556,144
5.0,0.0,0.0,0.0,0.0,0.288888888889,0.422222222222,0.0,0.288888888889,0.0,144
6.0,0.266666666667,0.0,0.0,0.0,0.0,0.0,0.444444444444,0.0,0.266666666667,144
7.0,0.0,0.288888888889,0.422222222222,0.288888888889,0.0,0.0,0.0,0.0,0.0,144
8.0,0.0,0.444444444444,0.2,0.355555555556,0.0,0.0,0.0,0.0,0.0,144
9.0,0.0,0.0,0.0,0.0,0.266666666667,0.377777777778,0.0,0.355555555556,0.0,144
