Dot,Blue,Brown,DarkGray,Green,LightPink,Orange,Purple,Red,Yellow,participant
1.0,0.0,0.0,0.0,0.0,0.333333333333,0.288888888889,0.0,0.377777777778,0.0,119
2.0,0.0,0.4,0.244444444444,0.355555555556,0.0,0.0,0.0,0.0,0.0,119
3.0,0.4,0.0,0.0,0.0,0.0,0.0,0.2,0.0,0.4,119
4.0,0.288888888889,0.0,0.0,0.0,0.0,0.0,0.444444444444,0.0,0.266666666667,119
5.0,0.0,0.0,0.0,0.0,0.266666666667,0.466666666667,0.0,0.266666666667,0.0,119
6.0,0.311111111111,0.0,0.0,0.0,0.0,0.0,0.333333333333,0.0,0.333333333333,119
7.0,0.0,0.266666666667,0.466666666667,0.266666666667,0.0,0.0,0.0,0.0,0.0,119
8.0,0.0,0.333333333333,0.288888888889,0.377777777778,0.0,0.0,0.0,0.0,0.0,119
9.0,0.0,0.0,0.0,0.0,0.4,0.244444444444,0.0,0.355555555556,0.0,119
