Dot,Blue,Brown,DarkGray,Green,LightPink,Orange,Purple,Red,Yellow,participant
1.0,0.0,0.0,0.0,0.0,0.311111111111,0.288888888889,0.0,0.4,0.0,149
2.0,0.0,0.244444444444,0.355555555556,0.4,0.0,0.0,0.0,0.0,0.0,149
3.0,0.422222222222,0.0,0.0,0.0,0.0,0.0,0.355555555556,0.0,0.222222222222,149
4.0,0.244444444444,0.0,0.0,0.0,0.0,0.0,0.311111111111,0.0,0.422222222222,149
5.0,0.0,0.0,0.0,0.0,0.444444444444,0.355555555556,0.0,0.2,0.0,149
6.0,0.311111111111,0.0,0.0,0.0,0.0,0.0,0.333333333333,0.0,0.355555555556,149
7.0,0.0,0.444444444444,0.355555555556,0.2,0.0,0.0,0.0,0.0,0.0,149
8.0,0.0,0.311111111111,0.288888888889,0.4,0.0,0.0,0.0,0.0,0.0,149
9.0,0.0,0.0,0.0,0.0,0.244444444444,0.355555555556,0.0,0.4,0.0,149
