Dot,Blue,Brown,DarkGray,Green,LightPink,Orange,Purple,Red,Yellow,participant
1.0,0.0,0.0,0.0,0.0,0.355555555556,0.266666666667,0.0,0.377777777778,0.0,114
2.0,0.0,0.422222222222,0.311111111111,0.266666666667,0.0,0.0,0.0,0.0,0.0,114
3.0,0.266666666667,0.0,0.0,0.0,0.0,0.0,0.288888888889,0.0,0.422222222222,114
4.0,0.444444444444,0.0,0.0,0.0,0.0,0.0,0.266666666667,0.0,0.288888888889,114
5.0,0.0,0.0,0.0,0.0,0.222222222222,0.422222222222,0.0,0.355555555556,0.0,114
6.0,0.288888888889,0.0,0.0,0.0,0.0,0.0,0.422222222222,0.0,0.288888888889,114
7.0,0.0,0.222222222222,0.422222222222,0.355555555556,0.0,0.0,0.0,0.0,0.0,114
8.0,0.0,0.355555555556,0.266666666667,0.377777777778,0.0,0.0,0.0,0.0,0.0,114
9.0,0.0,0.0,0.0,0.0,0.422222222222,0.311111111111,0.0,0.266666666667,0.0,114
