Dot,Blue,Brown,DarkGray,Green,LightPink,Orange,Purple,Red,Yellow,participant
1.0,0.0,0.0,0.0,0.0,0.311111111111,0.355555555556,0.0,0.333333333333,0.0,131
2.0,0.0,0.4,0.288888888889,0.311111111111,0.0,0.0,0.0,0.0,0.0,131
3.0,0.244444444444,0.0,0.0,0.0,0.0,0.0,0.377777777778,0.0,0.377777777778,131
4.0,0.4,0.0,0.0,0.0,0.0,0.0,0.288888888889,0.0,0.288888888889,131
5.0,0.0,0.0,0.0,0.0,0.288888888889,0.355555555556,0.0,0.355555555556,0.0,131
6.0,0.355555555556,0.0,0.0,0.0,0.0,0.0,0.311111111111,0.0,0.333333333333,131
7.0,0.0,0.288888888889,0.355555555556,0.355555555556,0.0,0.0,0.0,0.0,0.0,131
8.0,0.0,0.311111111111,0.355555555556,0.333333333333,0.0,0.0,0.0,0.0,0.0,131
9.0,0.0,0.0,0.0,0.0,0.4,0.288888888889,0.0,0.311111111111,0.0,131
