Dot,Blue,Brown,DarkGray,Green,LightPink,Orange,Purple,Red,Yellow,participant
1.0,0.0,0.0,0.0,0.0,0.333333333333,0.333333333333,0.0,0.333333333333,0.0,145
2.0,0.0,0.355555555556,0.333333333333,0.311111111111,0.0,0.0,0.0,0.0,0.0,145
3.0,0.4,0.0,0.0,0.0,0.0,0.0,0.333333333333,0.0,0.266666666667,145
4.0,0.288888888889,0.0,0.0,0.0,0.0,0.0,0.422222222222,0.0,0.288888888889,145
5.0,0.0,0.0,0.0,0.0,0.311111111111,0.333333333333,0.0,0.355555555556,0.0,145
6.0,0.311111111111,0.0,0.0,0.0,0.0,0.0,0.244444444444,0.0,0.422222222222,145
7.0,0.0,0.311111111111,0.333333333333,0.355555555556,0.0,0.0,0.0,0.0,0.0,145
8.0,0.0,0.333333333333,0.333333333333,0.333333333333,0.0,0.0,0.0,0.0,0.0,145
9.0,0.0,0.0,0.0,0.0,0.355555555556,0.333333333333,0.0,0.311111111111,0.0,145
