Dot,Blue,Brown,DarkGray,Green,LightPink,Orange,Purple,Red,Yellow,participant
1.0,0.0,0.0,0.0,0.0,0.333333333333,0.333333333333,0.0,0.333333333333,0.0,106
2.0,0.0,0.377777777778,0.266666666667,0.355555555556,0.0,0.0,0.0,0.0,0.0,106
3.0,0.377777777778,0.0,0.0,0.0,0.0,0.0,0.266666666667,0.0,0.355555555556,106
4.0,0.311111111111,0.0,0.0,0.0,0.0,0.0,0.4,0.0,0.288888888889,106
5.0,0.0,0.0,0.0,0.0,0.288888888889,0.4,0.0,0.311111111111,0.0,106
6.0,0.311111111111,0.0,0.0,0.0,0.0,0.0,0.333333333333,0.0,0.333333333333,106
7.0,0.0,0.288888888889,0.4,0.311111111111,0.0,0.0,0.0,0.0,0.0,106
8.0,0.0,0.333333333333,0.333333333333,0.333333333333,0.0,0.0,0.0,0.0,0.0,106
9.0,0.0,0.0,0.0,0.0,0.377777777778,0.266666666667,0.0,0.355555555556,0.0,106
