Dot,Blue,Brown,DarkGray,Green,LightPink,Orange,Purple,Red,Yellow,participant
1.0,0.0,0.0,0.0,0.0,0.266666666667,0.288888888889,0.0,0.444444444444,0.0,132
2.0,0.0,0.377777777778,0.377777777778,0.244444444444,0.0,0.0,0.0,0.0,0.0,132
3.0,0.466666666667,0.0,0.0,0.0,0.0,0.0,0.288888888889,0.0,0.244444444444,132
4.0,0.288888888889,0.0,0.0,0.0,0.0,0.0,0.333333333333,0.0,0.355555555556,132
5.0,0.0,0.0,0.0,0.0,0.355555555556,0.333333333333,0.0,0.311111111111,0.0,132
6.0,0.244444444444,0.0,0.0,0.0,0.0,0.0,0.377777777778,0.0,0.377777777778,132
7.0,0.0,0.355555555556,0.333333333333,0.311111111111,0.0,0.0,0.0,0.0,0.0,132
8.0,0.0,0.266666666667,0.288888888889,0.444444444444,0.0,0.0,0.0,0.0,0.0,132
9.0,0.0,0.0,0.0,0.0,0.377777777778,0.377777777778,0.0,0.244444444444,0.0,132
