Dot,Blue,Brown,DarkGray,Green,LightPink,Orange,Purple,Red,Yellow,participant
1.0,0.0,0.0,0.0,0.0,0.311111111111,0.4,0.0,0.288888888889,0.0,195
2.0,0.0,0.311111111111,0.355555555556,0.333333333333,0.0,0.0,0.0,0.0,0.0,195
3.0,0.355555555556,0.0,0.0,0.0,0.0,0.0,0.333333333333,0.0,0.311111111111,195
4.0,0.355555555556,0.0,0.0,0.0,0.0,0.0,0.4,0.0,0.244444444444,195
5.0,0.0,0.0,0.0,0.0,0.377777777778,0.244444444444,0.0,0.377777777778,0.0,195
6.0,0.288888888889,0.0,0.0,0.0,0.0,0.0,0.244444444444,0.0,0.444444444444,195
7.0,0.0,0.377777777778,0.244444444444,0.377777777778,0.0,0.0,0.0,0.0,0.0,195
8.0,0.0,0.311111111111,0.4,0.288888888889,0.0,0.0,0.0,0.0,0.0,195
9.0,0.0,0.0,0.0,0.0,0.311111111111,0.355555555556,0.0,0.333333333333,0.0,195
