Dot,Blue,Brown,DarkGray,Green,LightPink,Orange,Purple,Red,Yellow,participant
1.0,0.0,0.0,0.0,0.0,0.311111111111,0.333333333333,0.0,0.355555555556,0.0,164
2.0,0.0,0.4,0.333333333333,0.266666666667,0.0,0.0,0.0,0.0,0.0,164
3.0,0.266666666667,0.0,0.0,0.0,0.0,0.0,0.355555555556,0.0,0.377777777778,164
4.0,0.4,0.0,0.0,0.0,0.0,0.0,0.355555555556,0.0,0.244444444444,164
5.0,0.0,0.0,0.0,0.0,0.288888888889,0.333333333333,0.0,0.377777777778,0.0,164
6.0,0.333333333333,0.0,0.0,0.0,0.0,0.0,0.288888888889,0.0,0.355555555556,164
7.0,0.0,0.288888888889,0.333333333333,0.377777777778,0.0,0.0,0.0,0.0,0.0,164
8.0,0.0,0.311111111111,0.333333333333,0.355555555556,0.0,0.0,0.0,0.0,0.0,164
9.0,0.0,0.0,0.0,0.0,0.4,0.333333333333,0.0,0.266666666667,0.0,164
