Dot,Blue,Brown,DarkGray,Green,LightPink,Orange,Purple,Red,Yellow,participant
1.0,0.0,0.0,0.0,0.0,0.4,0.333333333333,0.0,0.266666666667,0.0,154
2.0,0.0,0.266666666667,0.266666666667,0.466666666667,0.0,0.0,0.0,0.0,0.0,154
3.0,0.422222222222,0.0,0.0,0.0,0.0,0.0,0.288888888889,0.0,0.266666666667,154
4.0,0.155555555556,0.0,0.0,0.0,0.0,0.0,0.444444444444,0.0,0.4,154
5.0,0.0,0.0,0.0,0.0,0.333333333333,0.4,0.0,0.266666666667,0.0,154
6.0,0.422222222222,0.0,0.0,0.0,0.0,0.0,0.266666666667,0.0,0.311111111111,154
7.0,0.0,0.333333333333,0.4,0.266666666667,0.0,0.0,0.0,0.0,0.0,154
8.0,0.0,0.4,0.333333333333,0.266666666667,0.0,0.0,0.0,0.0,0.0,154
9.0,0.0,0.0,0.0,0.0,0.266666666667,0.266666666667,0.0,0.466666666667,0.0,154
