Dot,Blue,Brown,DarkGray,Green,LightPink,Orange,Purple,Red,Yellow,participant
1.0,0.0,0.0,0.0,0.0,0.222222222222,0.377777777778,0.0,0.4,0.0,143
2.0,0.0,0.377777777778,0.355555555556,0.266666666667,0.0,0.0,0.0,0.0,0.0,143
3.0,0.311111111111,0.0,0.0,0.0,0.0,0.0,0.355555555556,0.0,0.333333333333,143
4.0,0.377777777778,0.0,0.0,0.0,0.0,0.0,0.333333333333,0.0,0.266666666667,143
5.0,0.0,0.0,0.0,0.0,0.4,0.266666666667,0.0,0.333333333333,0.0,143
6.0,0.311111111111,0.0,0.0,0.0,0.0,0.0,0.311111111111,0.0,0.377777777778,143
7.0,0.0,0.4,0.266666666667,0.333333333333,0.0,0.0,0.0,0.0,0.0,143
8.0,0.0,0.222222222222,0.377777777778,0.4,0.0,0.0,0.0,0.0,0.0,143
9.0,0.0,0.0,0.0,0.0,0.377777777778,0.355555555556,0.0,0.266666666667,0.0,143
