Dot,Blue,Brown,DarkGray,Green,LightPink,Orange,Purple,Red,Yellow,participant
1.0,0.0,0.0,0.0,0.0,0.288888888889,0.444444444444,0.0,0.266666666667,0.0,102
2.0,0.0,0.266666666667,0.266666666667,0.466666666667,0.0,0.0,0.0,0.0,0.0,102
3.0,0.422222222222,0.0,0.0,0.0,0.0,0.0,0.311111111111,0.0,0.266666666667,102
4.0,0.177777777778,0.0,0.0,0.0,0.0,0.0,0.4,0.0,0.4,102
5.0,0.0,0.0,0.0,0.0,0.444444444444,0.288888888889,0.0,0.266666666667,0.0,102
6.0,0.4,0.0,0.0,0.0,0.0,0.0,0.266666666667,0.0,0.333333333333,102
7.0,0.0,0.444444444444,0.288888888889,0.266666666667,0.0,0.0,0.0,0.0,0.0,102
8.0,0.0,0.288888888889,0.444444444444,0.266666666667,0.0,0.0,0.0,0.0,0.0,102
9.0,0.0,0.0,0.0,0.0,0.266666666667,0.266666666667,0.0,0.466666666667,0.0,102
