Dot,Blue,Brown,DarkGray,Green,LightPink,Orange,Purple,Red,Yellow,participant
1.0,0.0,0.0,0.0,0.0,0.311111111111,0.355555555556,0.0,0.333333333333,0.0,175
2.0,0.0,0.333333333333,0.333333333333,0.333333333333,0.0,0.0,0.0,0.0,0.0,175
3.0,0.222222222222,0.0,0.0,0.0,0.0,0.0,0.422222222222,0.0,0.355555555556,175
4.0,0.444444444444,0.0,0.0,0.0,0.0,0.0,0.311111111111,0.0,0.222222222222,175
5.0,0.0,0.0,0.0,0.0,0.355555555556,0.311111111111,0.0,0.333333333333,0.0,175
6.0,0.311111111111,0.0,0.0,0.0,0.0,0.0,0.266666666667,0.0,0.422222222222,175
7.0,0.0,0.355555555556,0.311111111111,0.333333333333,0.0,0.0,0.0,0.0,0.0,175
8.0,0.0,0.311111111111,0.355555555556,0.333333333333,0.0,0.0,0.0,0.0,0.0,175
9.0,0.0,0.0,0.0,0.0,0.333333333333,0.333333333333,0.0,0.333333333333,0.0,175
