Dot,Blue,Brown,DarkGray,Green,LightPink,Orange,Purple,Red,Yellow,participant
1.0,0.0,0.0,0.0,0.0,0.4,0.266666666667,0.0,0.333333333333,0.0,112
2.0,0.0,0.266666666667,0.288888888889,0.444444444444,0.0,0.0,0.0,0.0,0.0,112
3.0,0.511111111111,0.0,0.0,0.0,0.0,0.0,0.155555555556,0.0,0.333333333333,112
4.0,0.244444444444,0.0,0.0,0.0,0.0,0.0,0.422222222222,0.0,0.311111111111,112
5.0,0.0,0.0,0.0,0.0,0.333333333333,0.444444444444,0.0,0.222222222222,0.0,112
6.0,0.244444444444,0.0,0.0,0.0,0.0,0.0,0.422222222222,0.0,0.333333333333,112
7.0,0.0,0.333333333333,0.444444444444,0.222222222222,0.0,0.0,0.0,0.0,0.0,112
8.0,0.0,0.4,0.266666666667,0.333333333333,0.0,0.0,0.0,0.0,0.0,112
9.0,0.0,0.0,0.0,0.0,0.266666666667,0.288888888889,0.0,0.444444444444,0.0,112
