Dot,Blue,Brown,DarkGray,Green,LightPink,Orange,Purple,Red,Yellow,participant
1.0,0.0,0.0,0.0,0.0,0.466666666667,0.333333333333,0.0,0.2,0.0,169
2.0,0.0,0.266666666667,0.244444444444,0.488888888889,0.0,0.0,0.0,0.0,0.0,169
3.0,0.355555555556,0.0,0.0,0.0,0.0,0.0,0.244444444444,0.0,0.4,169
4.0,0.222222222222,0.0,0.0,0.0,0.0,0.0,0.377777777778,0.0,0.377777777778,169
5.0,0.0,0.0,0.0,0.0,0.266666666667,0.422222222222,0.0,0.311111111111,0.0,169
6.0,0.422222222222,0.0,0.0,0.0,0.0,0.0,0.355555555556,0.0,0.222222222222,169
7.0,0.0,0.266666666667,0.422222222222,0.311111111111,0.0,0.0,0.0,0.0,0.0,169
8.0,0.0,0.466666666667,0.333333333333,0.2,0.0,0.0,0.0,0.0,0.0,169
9.0,0.0,0.0,0.0,0.0,0.266666666667,0.244444444444,0.0,0.488888888889,0.0,169
