Dot,Blue,Brown,DarkGray,Green,LightPink,Orange,Purple,Red,Yellow,participant
1.0,0.0,0.0,0.0,0.0,0.377777777778,0.266666666667,0.0,0.355555555556,0.0,999
2.0,0.0,0.244444444444,0.355555555556,0.4,0.0,0.0,0.0,0.0,0.0,999
3.0,0.4,0.0,0.0,0.0,0.0,0.0,0.288888888889,0.0,0.311111111111,999
4.0,0.244444444444,0.0,0.0,0.0,0.0,0.0,0.355555555556,0.0,0.4,999
5.0,0.0,0.0,0.0,0.0,0.377777777778,0.377777777778,0.0,0.244444444444,0.0,999
6.0,0.355555555556,0.0,0.0,0.0,0.0,0.0,0.333333333333,0.0,0.288888888889,999
7.0,0.0,0.377777777778,0.377777777778,0.244444444444,0.0,0.0,0.0,0.0,0.0,999
8.0,0.0,0.377777777778,0.266666666667,0.355555555556,0.0,0.0,0.0,0.0,0.0,999
9.0,0.0,0.0,0.0,0.0,0.244444444444,0.355555555556,0.0,0.4,0.0,999
