Dot,Blue,Brown,DarkGray,Green,LightPink,Orange,Purple,Red,Yellow,participant
1.0,0.0,0.0,0.0,0.0,0.266666666667,0.377777777778,0.0,0.355555555556,0.0,153
2.0,0.0,0.311111111111,0.311111111111,0.377777777778,0.0,0.0,0.0,0.0,0.0,153
3.0,0.355555555556,0.0,0.0,0.0,0.0,0.0,0.4,0.0,0.244444444444,153
4.0,0.244444444444,0.0,0.0,0.0,0.0,0.0,0.333333333333,0.0,0.422222222222,153
5.0,0.0,0.0,0.0,0.0,0.422222222222,0.311111111111,0.0,0.266666666667,0.0,153
6.0,0.377777777778,0.0,0.0,0.0,0.0,0.0,0.266666666667,0.0,0.333333333333,153
7.0,0.0,0.422222222222,0.311111111111,0.266666666667,0.0,0.0,0.0,0.0,0.0,153
8.0,0.0,0.266666666667,0.377777777778,0.355555555556,0.0,0.0,0.0,0.0,0.0,153
9.0,0.0,0.0,0.0,0.0,0.311111111111,0.311111111111,0.0,0.377777777778,0.0,153
