Dot,Blue,Brown,DarkGray,Green,LightPink,Orange,Purple,Red,Yellow,participant
1.0,0.0,0.0,0.0,0.0,0.311111111111,0.355555555556,0.0,0.333333333333,0.0,157
2.0,0.0,0.355555555556,0.444444444444,0.2,0.0,0.0,0.0,0.0,0.0,157
3.0,0.222222222222,0.0,0.0,0.0,0.0,0.0,0.488888888889,0.0,0.266666666667,157
4.0,0.444444444444,0.0,0.0,0.0,0.0,0.0,0.2,0.0,0.355555555556,157
5.0,0.0,0.0,0.0,0.0,0.333333333333,0.2,0.0,0.466666666667,0.0,157
6.0,0.311111111111,0.0,0.0,0.0,0.0,0.0,0.311111111111,0.0,0.377777777778,157
7.0,0.0,0.333333333333,0.2,0.466666666667,0.0,0.0,0.0,0.0,0.0,157
8.0,0.0,0.311111111111,0.355555555556,0.333333333333,0.0,0.0,0.0,0.0,0.0,157
9.0,0.0,0.0,0.0,0.0,0.355555555556,0.444444444444,0.0,0.2,0.0,157
