Dot,Blue,Brown,DarkGray,Green,LightPink,Orange,Purple,Red,Yellow,participant
1.0,0.0,0.0,0.0,0.0,0.311111111111,0.311111111111,0.0,0.377777777778,0.0,189
2.0,0.0,0.4,0.244444444444,0.355555555556,0.0,0.0,0.0,0.0,0.0,189
3.0,0.377777777778,0.0,0.0,0.0,0.0,0.0,0.266666666667,0.0,0.355555555556,189
4.0,0.311111111111,0.0,0.0,0.0,0.0,0.0,0.4,0.0,0.266666666667,189
5.0,0.0,0.0,0.0,0.0,0.288888888889,0.444444444444,0.0,0.266666666667,0.0,189
6.0,0.311111111111,0.0,0.0,0.0,0.0,0.0,0.311111111111,0.0,0.377777777778,189
7.0,0.0,0.288888888889,0.444444444444,0.266666666667,0.0,0.0,0.0,0.0,0.0,189
8.0,0.0,0.311111111111,0.311111111111,0.377777777778,0.0,0.0,0.0,0.0,0.0,189
9.0,0.0,0.0,0.0,0.0,0.4,0.244444444444,0.0,0.355555555556,0.0,189
