Dot,Blue,Brown,DarkGray,Green,LightPink,Orange,Purple,Red,Yellow,participant
1.0,0.0,0.0,0.0,0.0,0.4,0.244444444444,0.0,0.355555555556,0.0,110
2.0,0.0,0.244444444444,0.355555555556,0.4,0.0,0.0,0.0,0.0,0.0,110
3.0,0.377777777778,0.0,0.0,0.0,0.0,0.0,0.377777777778,0.0,0.244444444444,110
4.0,0.288888888889,0.0,0.0,0.0,0.0,0.0,0.244444444444,0.0,0.466666666667,110
5.0,0.0,0.0,0.0,0.0,0.355555555556,0.4,0.0,0.244444444444,0.0,110
6.0,0.311111111111,0.0,0.0,0.0,0.0,0.0,0.377777777778,0.0,0.288888888889,110
7.0,0.0,0.355555555556,0.4,0.244444444444,0.0,0.0,0.0,0.0,0.0,110
8.0,0.0,0.4,0.244444444444,0.355555555556,0.0,0.0,0.0,0.0,0.0,110
9.0,0.0,0.0,0.0,0.0,0.244444444444,0.355555555556,0.0,0.4,0.0,110
