Dot,Blue,Brown,DarkGray,Green,LightPink,Orange,Purple,Red,Yellow,participant
1.0,0.0,0.0,0.0,0.0,0.266666666667,0.333333333333,0.0,0.4,0.0,1
2.0,0.0,0.244444444444,0.4,0.355555555556,0.0,0.0,0.0,0.0,0.0,1
3.0,0.422222222222,0.0,0.0,0.0,0.0,0.0,0.4,0.0,0.177777777778,1
4.0,0.333333333333,0.0,0.0,0.0,0.0,0.0,0.244444444444,0.0,0.4,1
5.0,0.0,0.0,0.0,0.0,0.488888888889,0.266666666667,0.0,0.244444444444,0.0,1
6.0,0.244444444444,0.0,0.0,0.0,0.0,0.0,0.355555555556,0.0,0.4,1
7.0,0.0,0.488888888889,0.266666666667,0.244444444444,0.0,0.0,0.0,0.0,0.0,1
8.0,0.0,0.266666666667,0.333333333333,0.4,0.0,0.0,0.0,0.0,0.0,1
9.0,0.0,0.0,0.0,0.0,0.244444444444,0.4,0.0,0.355555555556,0.0,1
