Dot,Blue,Brown,DarkGray,Green,LightPink,Orange,Purple,Red,Yellow,participant
1.0,0.0,0.0,0.0,0.0,0.422222222222,0.355555555556,0.0,0.222222222222,0.0,147
2.0,0.0,0.155555555556,0.333333333333,0.511111111111,0.0,0.0,0.0,0.0,0.0,147
3.0,0.355555555556,0.0,0.0,0.0,0.0,0.0,0.4,0.0,0.244444444444,147
4.0,0.155555555556,0.0,0.0,0.0,0.0,0.0,0.288888888889,0.0,0.533333333333,147
5.0,0.0,0.0,0.0,0.0,0.422222222222,0.311111111111,0.0,0.266666666667,0.0,147
6.0,0.488888888889,0.0,0.0,0.0,0.0,0.0,0.311111111111,0.0,0.2,147
7.0,0.0,0.422222222222,0.311111111111,0.266666666667,0.0,0.0,0.0,0.0,0.0,147
8.0,0.0,0.422222222222,0.355555555556,0.222222222222,0.0,0.0,0.0,0.0,0.0,147
9.0,0.0,0.0,0.0,0.0,0.155555555556,0.333333333333,0.0,0.511111111111,0.0,147
