Dot,Blue,Brown,DarkGray,Green,LightPink,Orange,Purple,Red,Yellow,participant
1.0,0.0,0.0,0.0,0.0,0.355555555556,0.311111111111,0.0,0.333333333333,0.0,125
2.0,0.0,0.244444444444,0.444444444444,0.311111111111,0.0,0.0,0.0,0.0,0.0,125
3.0,0.311111111111,0.0,0.0,0.0,0.0,0.0,0.444444444444,0.0,0.244444444444,125
4.0,0.377777777778,0.0,0.0,0.0,0.0,0.0,0.177777777778,0.0,0.444444444444,125
5.0,0.0,0.0,0.0,0.0,0.4,0.244444444444,0.0,0.355555555556,0.0,125
6.0,0.311111111111,0.0,0.0,0.0,0.0,0.0,0.377777777778,0.0,0.288888888889,125
7.0,0.0,0.4,0.244444444444,0.355555555556,0.0,0.0,0.0,0.0,0.0,125
8.0,0.0,0.355555555556,0.311111111111,0.333333333333,0.0,0.0,0.0,0.0,0.0,125
9.0,0.0,0.0,0.0,0.0,0.244444444444,0.444444444444,0.0,0.311111111111,0.0,125
