Dot,Blue,Brown,DarkGray,Green,LightPink,Orange,Purple,Red,Yellow,participant
1.0,0.0,0.0,0.0,0.0,0.333333333333,0.333333333333,0.0,0.333333333333,0.0,108
2.0,0.0,0.2,0.333333333333,0.466666666667,0.0,0.0,0.0,0.0,0.0,108
3.0,0.333333333333,0.0,0.0,0.0,0.0,0.0,0.422222222222,0.0,0.244444444444,108
4.0,0.288888888889,0.0,0.0,0.0,0.0,0.0,0.266666666667,0.0,0.422222222222,108
5.0,0.0,0.0,0.0,0.0,0.466666666667,0.333333333333,0.0,0.2,0.0,108
6.0,0.377777777778,0.0,0.0,0.0,0.0,0.0,0.288888888889,0.0,0.333333333333,108
7.0,0.0,0.466666666667,0.333333333333,0.2,0.0,0.0,0.0,0.0,0.0,108
8.0,0.0,0.333333333333,0.333333333333,0.333333333333,0.0,0.0,0.0,0.0,0.0,108
9.0,0.0,0.0,0.0,0.0,0.2,0.333333333333,0.0,0.466666666667,0.0,108
