Dot,Blue,Brown,DarkGray,Green,LightPink,Orange,Purple,Red,Yellow,participant
1.0,0.0,0.0,0.0,0.0,0.155555555556,0.377777777778,0.0,0.466666666667,0.0,107
2.0,0.0,0.355555555556,0.311111111111,0.333333333333,0.0,0.0,0.0,0.0,0.0,107
3.0,0.355555555556,0.0,0.0,0.0,0.0,0.0,0.4,0.0,0.244444444444,107
4.0,0.4,0.0,0.0,0.0,0.0,0.0,0.311111111111,0.0,0.288888888889,107
5.0,0.0,0.0,0.0,0.0,0.488888888889,0.311111111111,0.0,0.2,0.0,107
6.0,0.244444444444,0.0,0.0,0.0,0.0,0.0,0.288888888889,0.0,0.444444444444,107
7.0,0.0,0.488888888889,0.311111111111,0.2,0.0,0.0,0.0,0.0,0.0,107
8.0,0.0,0.155555555556,0.377777777778,0.466666666667,0.0,0.0,0.0,0.0,0.0,107
9.0,0.0,0.0,0.0,0.0,0.355555555556,0.311111111111,0.0,0.333333333333,0.0,107
