Dot,Blue,Brown,DarkGray,Green,LightPink,Orange,Purple,Red,Yellow,participant
1.0,0.0,0.0,0.0,0.0,0.222222222222,0.4,0.0,0.377777777778,0.0,5
2.0,0.0,0.377777777778,0.311111111111,0.311111111111,0.0,0.0,0.0,0.0,0.0,5
3.0,0.333333333333,0.0,0.0,0.0,0.0,0.0,0.333333333333,0.0,0.311111111111,5
4.0,0.311111111111,0.0,0.0,0.0,0.0,0.0,0.333333333333,0.0,0.355555555556,5
5.0,0.0,0.0,0.0,0.0,0.4,0.288888888889,0.0,0.311111111111,0.0,5
6.0,0.355555555556,0.0,0.0,0.0,0.0,0.0,0.311111111111,0.0,0.333333333333,5
7.0,0.0,0.4,0.288888888889,0.311111111111,0.0,0.0,0.0,0.0,0.0,5
8.0,0.0,0.222222222222,0.4,0.377777777778,0.0,0.0,0.0,0.0,0.0,5
9.0,0.0,0.0,0.0,0.0,0.377777777778,0.311111111111,0.0,0.311111111111,0.0,5
