Dot,Blue,Brown,DarkGray,Green,LightPink,Orange,Purple,Red,Yellow,participant
1.0,0.0,0.0,0.0,0.0,0.266666666667,0.422222222222,0.0,0.311111111111,0.0,185
2.0,0.0,0.4,0.222222222222,0.377777777778,0.0,0.0,0.0,0.0,0.0,185
3.0,0.4,0.0,0.0,0.0,0.0,0.0,0.311111111111,0.0,0.288888888889,185
4.0,0.288888888889,0.0,0.0,0.0,0.0,0.0,0.4,0.0,0.288888888889,185
5.0,0.0,0.0,0.0,0.0,0.333333333333,0.355555555556,0.0,0.311111111111,0.0,185
6.0,0.288888888889,0.0,0.0,0.0,0.0,0.0,0.288888888889,0.0,0.422222222222,185
7.0,0.0,0.333333333333,0.355555555556,0.311111111111,0.0,0.0,0.0,0.0,0.0,185
8.0,0.0,0.266666666667,0.422222222222,0.311111111111,0.0,0.0,0.0,0.0,0.0,185
9.0,0.0,0.0,0.0,0.0,0.4,0.222222222222,0.0,0.377777777778,0.0,185
