Dot,Blue,Brown,DarkGray,Green,LightPink,Orange,Purple,Red,Yellow,participant
1.0,0.0,0.0,0.0,0.0,0.155555555556,0.444444444444,0.0,0.4,0.0,118
2.0,0.0,0.422222222222,0.311111111111,0.266666666667,0.0,0.0,0.0,0.0,0.0,118
3.0,0.333333333333,0.0,0.0,0.0,0.0,0.0,0.355555555556,0.0,0.288888888889,118
4.0,0.377777777778,0.0,0.0,0.0,0.0,0.0,0.377777777778,0.0,0.244444444444,118
5.0,0.0,0.0,0.0,0.0,0.422222222222,0.244444444444,0.0,0.333333333333,0.0,118
6.0,0.266666666667,0.0,0.0,0.0,0.0,0.0,0.266666666667,0.0,0.466666666667,118
7.0,0.0,0.422222222222,0.244444444444,0.333333333333,0.0,0.0,0.0,0.0,0.0,118
8.0,0.0,0.155555555556,0.444444444444,0.4,0.0,0.0,0.0,0.0,0.0,118
9.0,0.0,0.0,0.0,0.0,0.422222222222,0.311111111111,0.0,0.266666666667,0.0,118
