Dot,Blue,Brown,DarkGray,Green,LightPink,Orange,Purple,Red,Yellow,participant
1.0,0.0,0.0,0.0,0.0,0.311111111111,0.444444444444,0.0,0.244444444444,0.0,196
2.0,0.0,0.333333333333,0.333333333333,0.333333333333,0.0,0.0,0.0,0.0,0.0,196
3.0,0.244444444444,0.0,0.0,0.0,0.0,0.0,0.377777777778,0.0,0.355555555556,196
4.0,0.333333333333,0.0,0.0,0.0,0.0,0.0,0.355555555556,0.0,0.311111111111,196
5.0,0.0,0.0,0.0,0.0,0.355555555556,0.222222222222,0.0,0.422222222222,0.0,196
6.0,0.422222222222,0.0,0.0,0.0,0.0,0.0,0.244444444444,0.0,0.333333333333,196
7.0,0.0,0.355555555556,0.222222222222,0.422222222222,0.0,0.0,0.0,0.0,0.0,196
8.0,0.0,0.311111111111,0.444444444444,0.244444444444,0.0,0.0,0.0,0.0,0.0,196
9.0,0.0,0.0,0.0,0.0,0.333333333333,0.333333333333,0.0,0.333333333333,0.0,196
