Dot,Blue,Brown,DarkGray,Green,LightPink,Orange,Purple,Red,Yellow,participant
1.0,0.0,0.0,0.0,0.0,0.4,0.422222222222,0.0,0.177777777778,0.0,103
2.0,0.0,0.355555555556,0.2,0.444444444444,0.0,0.0,0.0,0.0,0.0,103
3.0,0.4,0.0,0.0,0.0,0.0,0.0,0.222222222222,0.0,0.377777777778,103
4.0,0.2,0.0,0.0,0.0,0.0,0.0,0.444444444444,0.0,0.355555555556,103
5.0,0.0,0.0,0.0,0.0,0.244444444444,0.377777777778,0.0,0.377777777778,0.0,103
6.0,0.4,0.0,0.0,0.0,0.0,0.0,0.333333333333,0.0,0.244444444444,103
7.0,0.0,0.244444444444,0.377777777778,0.377777777778,0.0,0.0,0.0,0.0,0.0,103
8.0,0.0,0.4,0.422222222222,0.177777777778,0.0,0.0,0.0,0.0,0.0,103
9.0,0.0,0.0,0.0,0.0,0.355555555556,0.2,0.0,0.444444444444,0.0,103
