Dot,Blue,Brown,DarkGray,Green,LightPink,Orange,Purple,Red,Yellow,participant
1.0,0.0,0.0,0.0,0.0,0.4,0.444444444444,0.0,0.155555555556,0.0,135
2.0,0.0,0.4,0.133333333333,0.466666666667,0.0,0.0,0.0,0.0,0.0,135
3.0,0.222222222222,0.0,0.0,0.0,0.0,0.0,0.311111111111,0.0,0.466666666667,135
4.0,0.244444444444,0.0,0.0,0.0,0.0,0.0,0.488888888889,0.0,0.244444444444,135
5.0,0.0,0.0,0.0,0.0,0.2,0.422222222222,0.0,0.377777777778,0.0,135
6.0,0.511111111111,0.0,0.0,0.0,0.0,0.0,0.2,0.0,0.288888888889,135
7.0,0.0,0.2,0.422222222222,0.377777777778,0.0,0.0,0.0,0.0,0.0,135
8.0,0.0,0.4,0.444444444444,0.155555555556,0.0,0.0,0.0,0.0,0.0,135
9.0,0.0,0.0,0.0,0.0,0.4,0.133333333333,0.0,0.466666666667,0.0,135
