Dot,Blue,Brown,DarkGray,Green,LightPink,Orange,Purple,Red,Yellow,participant
1.0,0.0,0.0,0.0,0.0,0.422222222222,0.266666666667,0.0,0.311111111111,0.0,198
2.0,0.0,0.377777777778,0.311111111111,0.311111111111,0.0,0.0,0.0,0.0,0.0,198
3.0,0.244444444444,0.0,0.0,0.0,0.0,0.0,0.311111111111,0.0,0.444444444444,198
4.0,0.333333333333,0.0,0.0,0.0,0.0,0.0,0.311111111111,0.0,0.333333333333,198
5.0,0.0,0.0,0.0,0.0,0.2,0.422222222222,0.0,0.377777777778,0.0,198
6.0,0.422222222222,0.0,0.0,0.0,0.0,0.0,0.355555555556,0.0,0.222222222222,198
7.0,0.0,0.2,0.422222222222,0.377777777778,0.0,0.0,0.0,0.0,0.0,198
8.0,0.0,0.422222222222,0.266666666667,0.311111111111,0.0,0.0,0.0,0.0,0.0,198
9.0,0.0,0.0,0.0,0.0,0.377777777778,0.311111111111,0.0,0.311111111111,0.0,198
