Dot,Blue,Brown,DarkGray,Green,LightPink,Orange,Purple,Red,Yellow,participant
1.0,0.0,0.0,0.0,0.0,0.288888888889,0.311111111111,0.0,0.4,0.0,182
2.0,0.0,0.422222222222,0.288888888889,0.288888888889,0.0,0.0,0.0,0.0,0.0,182
3.0,0.311111111111,0.0,0.0,0.0,0.0,0.0,0.288888888889,0.0,0.4,182
4.0,0.4,0.0,0.0,0.0,0.0,0.0,0.355555555556,0.0,0.222222222222,182
5.0,0.0,0.0,0.0,0.0,0.288888888889,0.4,0.0,0.311111111111,0.0,182
6.0,0.288888888889,0.0,0.0,0.0,0.0,0.0,0.333333333333,0.0,0.377777777778,182
7.0,0.0,0.288888888889,0.4,0.311111111111,0.0,0.0,0.0,0.0,0.0,182
8.0,0.0,0.288888888889,0.311111111111,0.4,0.0,0.0,0.0,0.0,0.0,182
9.0,0.0,0.0,0.0,0.0,0.422222222222,0.288888888889,0.0,0.288888888889,0.0,182
