Dot,Blue,Brown,DarkGray,Green,LightPink,Orange,Purple,Red,Yellow,participant
1.0,0.0,0.0,0.0,0.0,0.244444444444,0.377777777778,0.0,0.377777777778,0.0,191
2.0,0.0,0.4,0.377777777778,0.222222222222,0.0,0.0,0.0,0.0,0.0,191
3.0,0.244444444444,0.0,0.0,0.0,0.0,0.0,0.422222222222,0.0,0.333333333333,191
4.0,0.488888888889,0.0,0.0,0.0,0.0,0.0,0.311111111111,0.0,0.2,191
5.0,0.0,0.0,0.0,0.0,0.355555555556,0.244444444444,0.0,0.4,0.0,191
6.0,0.266666666667,0.0,0.0,0.0,0.0,0.0,0.266666666667,0.0,0.444444444444,191
7.0,0.0,0.355555555556,0.244444444444,0.4,0.0,0.0,0.0,0.0,0.0,191
8.0,0.0,0.244444444444,0.377777777778,0.377777777778,0.0,0.0,0.0,0.0,0.0,191
9.0,0.0,0.0,0.0,0.0,0.4,0.377777777778,0.0,0.222222222222,0.0,191
