Dot,Blue,Brown,DarkGray,Green,LightPink,Orange,Purple,Red,Yellow,participant
1.0,0.0,0.0,0.0,0.0,0.333333333333,0.355555555556,0.0,0.311111111111,0.0,151
2.0,0.0,0.4,0.244444444444,0.355555555556,0.0,0.0,0.0,0.0,0.0,151
3.0,0.377777777778,0.0,0.0,0.0,0.0,0.0,0.244444444444,0.0,0.377777777778,151
4.0,0.333333333333,0.0,0.0,0.0,0.0,0.0,0.4,0.0,0.266666666667,151
5.0,0.0,0.0,0.0,0.0,0.266666666667,0.4,0.0,0.333333333333,0.0,151
6.0,0.266666666667,0.0,0.0,0.0,0.0,0.0,0.355555555556,0.0,0.355555555556,151
7.0,0.0,0.266666666667,0.4,0.333333333333,0.0,0.0,0.0,0.0,0.0,151
8.0,0.0,0.333333333333,0.355555555556,0.311111111111,0.0,0.0,0.0,0.0,0.0,151
9.0,0.0,0.0,0.0,0.0,0.4,0.244444444444,0.0,0.355555555556,0.0,151
