index,Blue,Purple,Yellow,Orange,Pink,Red,Brown,Gray,Green,participant
1.0,0.466666666667,0.288888888889,0.244444444444,0.0,0.0,0.0,0.0,0.0,0.0,4
2.0,0.0,0.0,0.0,0.288888888889,0.4,0.311111111111,0.0,0.0,0.0,4
3.0,0.0,0.0,0.0,0.0,0.0,0.0,0.355555555556,0.4,0.222222222222,4
4.0,0.0,0.0,0.0,0.0,0.0,0.0,0.4,0.288888888889,0.311111111111,4
5.0,0.222222222222,0.4,0.355555555556,0.0,0.0,0.0,0.0,0.0,0.0,4
6.0,0.0,0.0,0.0,0.0,0.0,0.0,0.244444444444,0.288888888889,0.466666666667,4
7.0,0.0,0.0,0.0,0.4,0.355555555556,0.222222222222,0.0,0.0,0.0,4
8.0,0.0,0.0,0.0,0.288888888889,0.244444444444,0.466666666667,0.0,0.0,0.0,4
9.0,0.311111111111,0.288888888889,0.4,0.0,0.0,0.0,0.0,0.0,0.0,4
