index,Blue,Purple,Yellow,Orange,Pink,Red,Brown,Gray,Green,participant
1.0,0.222222222222,0.311111111111,0.466666666667,0.0,0.0,0.0,0.0,0.0,0.0,6
2.0,0.0,0.0,0.0,0.377777777778,0.222222222222,0.4,0.0,0.0,0.0,6
3.0,0.0,0.0,0.0,0.0,0.0,0.0,0.311111111111,0.311111111111,0.377777777778,6
4.0,0.0,0.0,0.0,0.0,0.0,0.0,0.222222222222,0.377777777778,0.4,6
5.0,0.377777777778,0.311111111111,0.311111111111,0.0,0.0,0.0,0.0,0.0,0.0,6
6.0,0.0,0.0,0.0,0.0,0.0,0.0,0.466666666667,0.311111111111,0.222222222222,6
7.0,0.0,0.0,0.0,0.311111111111,0.311111111111,0.377777777778,0.0,0.0,0.0,6
8.0,0.0,0.0,0.0,0.311111111111,0.466666666667,0.222222222222,0.0,0.0,0.0,6
9.0,0.4,0.377777777778,0.222222222222,0.0,0.0,0.0,0.0,0.0,0.0,6
