index,Blue,Purple,Yellow,Orange,Pink,Red,Brown,Gray,Green,participant
1.0,0.422222222222,0.244444444444,0.333333333333,0.0,0.0,0.0,0.0,0.0,0.0,6
2.0,0.0,0.0,0.0,0.4,0.333333333333,0.266666666667,0.0,0.0,0.0,6
3.0,0.0,0.0,0.0,0.0,0.0,0.0,0.333333333333,0.333333333333,0.311111111111,6
4.0,0.0,0.0,0.0,0.0,0.0,0.0,0.333333333333,0.4,0.266666666667,6
5.0,0.311111111111,0.333333333333,0.333333333333,0.0,0.0,0.0,0.0,0.0,0.0,6
6.0,0.0,0.0,0.0,0.0,0.0,0.0,0.333333333333,0.244444444444,0.422222222222,6
7.0,0.0,0.0,0.0,0.333333333333,0.333333333333,0.311111111111,0.0,0.0,0.0,6
8.0,0.0,0.0,0.0,0.244444444444,0.333333333333,0.422222222222,0.0,0.0,0.0,6
9.0,0.266666666667,0.4,0.333333333333,0.0,0.0,0.0,0.0,0.0,0.0,6
