index,Blue,Purple,Yellow,Orange,Pink,Red,Brown,Gray,Green,participant
1.0,0.377777777778,0.288888888889,0.333333333333,0.0,0.0,0.0,0.0,0.0,0.0,3
2.0,0.0,0.0,0.0,0.333333333333,0.355555555556,0.288888888889,0.0,0.0,0.0,3
3.0,0.0,0.0,0.0,0.0,0.0,0.0,0.311111111111,0.355555555556,0.333333333333,3
4.0,0.0,0.0,0.0,0.0,0.0,0.0,0.355555555556,0.333333333333,0.288888888889,3
5.0,0.333333333333,0.355555555556,0.311111111111,0.0,0.0,0.0,0.0,0.0,0.0,3
6.0,0.0,0.0,0.0,0.0,0.0,0.0,0.333333333333,0.288888888889,0.377777777778,3
7.0,0.0,0.0,0.0,0.355555555556,0.311111111111,0.333333333333,0.0,0.0,0.0,3
8.0,0.0,0.0,0.0,0.288888888889,0.333333333333,0.377777777778,0.0,0.0,0.0,3
9.0,0.288888888889,0.333333333333,0.355555555556,0.0,0.0,0.0,0.0,0.0,0.0,3
