index,Blue,Brown,DarkGray,Green,LightPink,Orange,Purple,Red,Yellow,participant
1.0,0.0,0.0,0.0,0.0,0.422222222222,0.333333333333,0.0,0.244444444444,0.0,3
2.0,0.0,0.311111111111,0.2,0.488888888889,0.0,0.0,0.0,0.0,0.0,3
3.0,0.288888888889,0.0,0.0,0.0,0.0,0.0,0.222222222222,0.0,0.488888888889,3
4.0,0.288888888889,0.0,0.0,0.0,0.0,0.0,0.444444444444,0.0,0.266666666667,3
5.0,0.0,0.0,0.0,0.0,0.266666666667,0.466666666667,0.0,0.266666666667,0.0,3
6.0,0.422222222222,0.0,0.0,0.0,0.0,0.0,0.333333333333,0.0,0.222222222222,3
7.0,0.0,0.266666666667,0.466666666667,0.266666666667,0.0,0.0,0.0,0.0,0.0,3
8.0,0.0,0.422222222222,0.333333333333,0.244444444444,0.0,0.0,0.0,0.0,0.0,3
9.0,0.0,0.0,0.0,0.0,0.311111111111,0.2,0.0,0.488888888889,0.0,3
