index,Blue,Purple,Yellow,Orange,Pink,Red,Brown,DarkGray,Green,participant
1.0,0.288888888889,0.355555555556,0.355555555556,0.0,0.0,0.0,0.0,0.0,0.0,9
2.0,0.0,0.0,0.0,0.377777777778,0.266666666667,0.333333333333,0.0,0.0,0.0,9
3.0,0.0,0.0,0.0,0.0,0.0,0.0,0.355555555556,0.266666666667,0.377777777778,9
4.0,0.0,0.0,0.0,0.0,0.0,0.0,0.266666666667,0.377777777778,0.333333333333,9
5.0,0.377777777778,0.266666666667,0.355555555556,0.0,0.0,0.0,0.0,0.0,0.0,9
6.0,0.0,0.0,0.0,0.0,0.0,0.0,0.355555555556,0.355555555556,0.288888888889,9
7.0,0.0,0.0,0.0,0.266666666667,0.355555555556,0.377777777778,0.0,0.0,0.0,9
8.0,0.0,0.0,0.0,0.355555555556,0.355555555556,0.288888888889,0.0,0.0,0.0,9
9.0,0.333333333333,0.377777777778,0.266666666667,0.0,0.0,0.0,0.0,0.0,0.0,9
