index,Blue,Purple,Yellow,Orange,Pink,Red,Brown,Gray,Green,participant
1.0,0.377777777778,0.466666666667,0.155555555556,0.0,0.0,0.0,0.0,0.0,0.0,5
2.0,0.0,0.0,0.0,0.222222222222,0.466666666667,0.288888888889,0.0,0.0,0.0,5
3.0,0.0,0.0,0.0,0.0,0.0,0.0,0.377777777778,0.288888888889,0.333333333333,5
4.0,0.0,0.0,0.0,0.0,0.0,0.0,0.466666666667,0.222222222222,0.288888888889,5
5.0,0.333333333333,0.288888888889,0.377777777778,0.0,0.0,0.0,0.0,0.0,0.0,5
6.0,0.0,0.0,0.0,0.0,0.0,0.0,0.155555555556,0.466666666667,0.377777777778,5
7.0,0.0,0.0,0.0,0.288888888889,0.377777777778,0.333333333333,0.0,0.0,0.0,5
8.0,0.0,0.0,0.0,0.466666666667,0.155555555556,0.377777777778,0.0,0.0,0.0,5
9.0,0.288888888889,0.222222222222,0.466666666667,0.0,0.0,0.0,0.0,0.0,0.0,5
