index,Blue,Purple,Yellow,Orange,Pink,Red,Brown,Gray,Green,participant
1.0,0.355555555556,0.355555555556,0.266666666667,0.0,0.0,0.0,0.0,0.0,0.0,2
2.0,0.0,0.0,0.0,0.355555555556,0.288888888889,0.355555555556,0.0,0.0,0.0,2
3.0,0.0,0.0,0.0,0.0,0.0,0.0,0.444444444444,0.288888888889,0.266666666667,2
4.0,0.0,0.0,0.0,0.0,0.0,0.0,0.288888888889,0.355555555556,0.355555555556,2
5.0,0.266666666667,0.288888888889,0.444444444444,0.0,0.0,0.0,0.0,0.0,0.0,2
6.0,0.0,0.0,0.0,0.0,0.0,0.0,0.266666666667,0.355555555556,0.355555555556,2
7.0,0.0,0.0,0.0,0.288888888889,0.444444444444,0.266666666667,0.0,0.0,0.0,2
8.0,0.0,0.0,0.0,0.355555555556,0.266666666667,0.355555555556,0.0,0.0,0.0,2
9.0,0.355555555556,0.355555555556,0.288888888889,0.0,0.0,0.0,0.0,0.0,0.0,2
