index,Blue,Purple,Yellow,Orange,Pink,Red,Brown,Gray,Green,participant
1.0,0.311111111111,0.355555555556,0.333333333333,0.0,0.0,0.0,0.0,0.0,0.0,2
2.0,0.0,0.0,0.0,0.355555555556,0.311111111111,0.333333333333,0.0,0.0,0.0,2
3.0,0.0,0.0,0.0,0.0,0.0,0.0,0.355555555556,0.288888888889,0.355555555556,2
4.0,0.0,0.0,0.0,0.0,0.0,0.0,0.311111111111,0.355555555556,0.333333333333,2
5.0,0.355555555556,0.288888888889,0.355555555556,0.0,0.0,0.0,0.0,0.0,0.0,2
6.0,0.0,0.0,0.0,0.0,0.0,0.0,0.333333333333,0.355555555556,0.311111111111,2
7.0,0.0,0.0,0.0,0.288888888889,0.355555555556,0.355555555556,0.0,0.0,0.0,2
8.0,0.0,0.0,0.0,0.355555555556,0.333333333333,0.311111111111,0.0,0.0,0.0,2
9.0,0.333333333333,0.355555555556,0.311111111111,0.0,0.0,0.0,0.0,0.0,0.0,2
