index,Blue,Purple,Yellow,Orange,Pink,Red,Brown,Gray,Green,participant
1.0,0.288888888889,0.288888888889,0.422222222222,0.0,0.0,0.0,0.0,0.0,0.0,9
2.0,0.0,0.0,0.0,0.444444444444,0.244444444444,0.288888888889,0.0,0.0,0.0,9
3.0,0.0,0.0,0.0,0.0,0.0,0.0,0.333333333333,0.244444444444,0.422222222222,9
4.0,0.0,0.0,0.0,0.0,0.0,0.0,0.244444444444,0.444444444444,0.288888888889,9
5.0,0.422222222222,0.244444444444,0.333333333333,0.0,0.0,0.0,0.0,0.0,0.0,9
6.0,0.0,0.0,0.0,0.0,0.0,0.0,0.422222222222,0.288888888889,0.288888888889,9
7.0,0.0,0.0,0.0,0.244444444444,0.333333333333,0.422222222222,0.0,0.0,0.0,9
8.0,0.0,0.0,0.0,0.288888888889,0.422222222222,0.288888888889,0.0,0.0,0.0,9
9.0,0.288888888889,0.444444444444,0.244444444444,0.0,0.0,0.0,0.0,0.0,0.0,9
