index,Blue,Purple,Yellow,Orange,Pink,Red,Brown,Gray,Green,participant
1.0,0.266666666667,0.422222222222,0.311111111111,0.0,0.0,0.0,0.0,0.0,0.0,1
2.0,0.0,0.0,0.0,0.2,0.488888888889,0.311111111111,0.0,0.0,0.0,1
3.0,0.0,0.0,0.0,0.0,0.0,0.0,0.2,0.377777777778,0.422222222222,1
4.0,0.0,0.0,0.0,0.0,0.0,0.0,0.488888888889,0.2,0.311111111111,1
5.0,0.422222222222,0.377777777778,0.2,0.0,0.0,0.0,0.0,0.0,0.0,1
6.0,0.0,0.0,0.0,0.0,0.0,0.0,0.311111111111,0.422222222222,0.266666666667,1
7.0,0.0,0.0,0.0,0.377777777778,0.2,0.422222222222,0.0,0.0,0.0,1
8.0,0.0,0.0,0.0,0.422222222222,0.311111111111,0.266666666667,0.0,0.0,0.0,1
9.0,0.311111111111,0.2,0.488888888889,0.0,0.0,0.0,0.0,0.0,0.0,1
