index,Blue,Purple,Yellow,Orange,Pink,Red,Brown,Gray,Green,participant
1.0,0.444444444444,0.333333333333,0.2,0.0,0.0,0.0,0.0,0.0,0.0,10
2.0,0.0,0.0,0.0,0.333333333333,0.333333333333,0.333333333333,0.0,0.0,0.0,10
3.0,0.0,0.0,0.0,0.0,0.0,0.0,0.466666666667,0.333333333333,0.2,10
4.0,0.0,0.0,0.0,0.0,0.0,0.0,0.333333333333,0.333333333333,0.333333333333,10
5.0,0.2,0.333333333333,0.466666666667,0.0,0.0,0.0,0.0,0.0,0.0,10
6.0,0.0,0.0,0.0,0.0,0.0,0.0,0.2,0.333333333333,0.444444444444,10
7.0,0.0,0.0,0.0,0.333333333333,0.466666666667,0.2,0.0,0.0,0.0,10
8.0,0.0,0.0,0.0,0.333333333333,0.2,0.444444444444,0.0,0.0,0.0,10
9.0,0.333333333333,0.333333333333,0.333333333333,0.0,0.0,0.0,0.0,0.0,0.0,10
