index,Blue,Purple,Yellow,Orange,Pink,Red,Brown,Gray,Green,participant
1.0,0.4,0.377777777778,0.2,0.0,0.0,0.0,0.0,0.0,0.0,8
2.0,0.0,0.0,0.0,0.422222222222,0.288888888889,0.288888888889,0.0,0.0,0.0,8
3.0,0.0,0.0,0.0,0.0,0.0,0.0,0.488888888889,0.2,0.311111111111,8
4.0,0.0,0.0,0.0,0.0,0.0,0.0,0.288888888889,0.422222222222,0.288888888889,8
5.0,0.311111111111,0.2,0.488888888889,0.0,0.0,0.0,0.0,0.0,0.0,8
6.0,0.0,0.0,0.0,0.0,0.0,0.0,0.2,0.377777777778,0.4,8
7.0,0.0,0.0,0.0,0.2,0.488888888889,0.311111111111,0.0,0.0,0.0,8
8.0,0.0,0.0,0.0,0.377777777778,0.2,0.4,0.0,0.0,0.0,8
9.0,0.288888888889,0.422222222222,0.288888888889,0.0,0.0,0.0,0.0,0.0,0.0,8
