index,Blue,Brown,DarkGray,Green,LightPink,Orange,Purple,Red,Yellow,participant
1.0,0.0,0.0,0.0,0.0,0.222222222222,0.444444444444,0.0,0.333333333333,0.0,9
2.0,0.0,0.311111111111,0.4,0.288888888889,0.0,0.0,0.0,0.0,0.0,9
3.0,0.333333333333,0.0,0.0,0.0,0.0,0.0,0.422222222222,0.0,0.244444444444,9
4.0,0.311111111111,0.0,0.0,0.0,0.0,0.0,0.288888888889,0.0,0.377777777778,9
5.0,0.0,0.0,0.0,0.0,0.466666666667,0.155555555556,0.0,0.377777777778,0.0,9
6.0,0.333333333333,0.0,0.0,0.0,0.0,0.0,0.288888888889,0.0,0.377777777778,9
7.0,0.0,0.466666666667,0.155555555556,0.377777777778,0.0,0.0,0.0,0.0,0.0,9
8.0,0.0,0.222222222222,0.444444444444,0.333333333333,0.0,0.0,0.0,0.0,0.0,9
9.0,0.0,0.0,0.0,0.0,0.311111111111,0.4,0.0,0.288888888889,0.0,9
