index,Blue,Purple,Yellow,Orange,Pink,Red,Brown,DarkGray,Green,participant
1.0,0.355555555556,0.311111111111,0.311111111111,0.0,0.0,0.0,0.0,0.0,0.0,1
2.0,0.0,0.0,0.0,0.4,0.333333333333,0.266666666667,0.0,0.0,0.0,1
3.0,0.0,0.0,0.0,0.0,0.0,0.0,0.333333333333,0.288888888889,0.377777777778,1
4.0,0.0,0.0,0.0,0.0,0.0,0.0,0.333333333333,0.4,0.266666666667,1
5.0,0.377777777778,0.288888888889,0.333333333333,0.0,0.0,0.0,0.0,0.0,0.0,1
6.0,0.0,0.0,0.0,0.0,0.0,0.0,0.311111111111,0.311111111111,0.355555555556,1
7.0,0.0,0.0,0.0,0.288888888889,0.333333333333,0.377777777778,0.0,0.0,0.0,1
8.0,0.0,0.0,0.0,0.311111111111,0.311111111111,0.355555555556,0.0,0.0,0.0,1
9.0,0.266666666667,0.4,0.333333333333,0.0,0.0,0.0,0.0,0.0,0.0,1
