index,Blue,Purple,Yellow,Orange,Pink,Red,Brown,DarkGray,Green,participant
1.0,0.244444444444,0.377777777778,0.377777777778,0.0,0.0,0.0,0.0,0.0,0.0,8
2.0,0.0,0.0,0.0,0.266666666667,0.355555555556,0.355555555556,0.0,0.0,0.0,8
3.0,0.0,0.0,0.0,0.0,0.0,0.0,0.244444444444,0.355555555556,0.4,8
4.0,0.0,0.0,0.0,0.0,0.0,0.0,0.355555555556,0.266666666667,0.355555555556,8
5.0,0.4,0.355555555556,0.244444444444,0.0,0.0,0.0,0.0,0.0,0.0,8
6.0,0.0,0.0,0.0,0.0,0.0,0.0,0.377777777778,0.377777777778,0.244444444444,8
7.0,0.0,0.0,0.0,0.355555555556,0.244444444444,0.4,0.0,0.0,0.0,8
8.0,0.0,0.0,0.0,0.377777777778,0.377777777778,0.244444444444,0.0,0.0,0.0,8
9.0,0.355555555556,0.266666666667,0.355555555556,0.0,0.0,0.0,0.0,0.0,0.0,8
