index,Blue,Purple,Yellow,Orange,Pink,Red,Brown,Gray,Green,participant
1.0,0.355555555556,0.333333333333,0.288888888889,0.0,0.0,0.0,0.0,0.0,0.0,1
2.0,0.0,0.0,0.0,0.311111111111,0.355555555556,0.333333333333,0.0,0.0,0.0,1
3.0,0.0,0.0,0.0,0.0,0.0,0.0,0.333333333333,0.355555555556,0.311111111111,1
4.0,0.0,0.0,0.0,0.0,0.0,0.0,0.355555555556,0.311111111111,0.333333333333,1
5.0,0.311111111111,0.355555555556,0.333333333333,0.0,0.0,0.0,0.0,0.0,0.0,1
6.0,0.0,0.0,0.0,0.0,0.0,0.0,0.288888888889,0.333333333333,0.355555555556,1
7.0,0.0,0.0,0.0,0.355555555556,0.333333333333,0.311111111111,0.0,0.0,0.0,1
8.0,0.0,0.0,0.0,0.333333333333,0.288888888889,0.355555555556,0.0,0.0,0.0,1
9.0,0.333333333333,0.311111111111,0.355555555556,0.0,0.0,0.0,0.0,0.0,0.0,1
