index,Blue,Purple,Yellow,Orange,Pink,Red,Brown,Gray,Green,participant
1.0,0.311111111111,0.355555555556,0.333333333333,0.0,0.0,0.0,0.0,0.0,0.0,5
2.0,0.0,0.0,0.0,0.266666666667,0.444444444444,0.288888888889,0.0,0.0,0.0,5
3.0,0.0,0.0,0.0,0.0,0.0,0.0,0.222222222222,0.377777777778,0.4,5
4.0,0.0,0.0,0.0,0.0,0.0,0.0,0.444444444444,0.266666666667,0.288888888889,5
5.0,0.4,0.377777777778,0.222222222222,0.0,0.0,0.0,0.0,0.0,0.0,5
6.0,0.0,0.0,0.0,0.0,0.0,0.0,0.333333333333,0.355555555556,0.311111111111,5
7.0,0.0,0.0,0.0,0.377777777778,0.222222222222,0.4,0.0,0.0,0.0,5
8.0,0.0,0.0,0.0,0.355555555556,0.333333333333,0.311111111111,0.0,0.0,0.0,5
9.0,0.288888888889,0.266666666667,0.444444444444,0.0,0.0,0.0,0.0,0.0,0.0,5
