index,Blue,Purple,Yellow,Orange,Pink,Red,Brown,Gray,Green,participant
1.0,0.422222222222,0.266666666667,0.311111111111,0.0,0.0,0.0,0.0,0.0,0.0,5
2.0,0.0,0.0,0.0,0.488888888889,0.288888888889,0.222222222222,0.0,0.0,0.0,5
3.0,0.0,0.0,0.0,0.0,0.0,0.0,0.377777777778,0.244444444444,0.355555555556,5
4.0,0.0,0.0,0.0,0.0,0.0,0.0,0.288888888889,0.488888888889,0.222222222222,5
5.0,0.355555555556,0.244444444444,0.377777777778,0.0,0.0,0.0,0.0,0.0,0.0,5
6.0,0.0,0.0,0.0,0.0,0.0,0.0,0.311111111111,0.266666666667,0.422222222222,5
7.0,0.0,0.0,0.0,0.244444444444,0.377777777778,0.355555555556,0.0,0.0,0.0,5
8.0,0.0,0.0,0.0,0.266666666667,0.311111111111,0.422222222222,0.0,0.0,0.0,5
9.0,0.222222222222,0.488888888889,0.288888888889,0.0,0.0,0.0,0.0,0.0,0.0,5
