index,Blue,Purple,Yellow,Orange,Pink,Red,Brown,Gray,Green,participant
1.0,0.288888888889,0.4,0.311111111111,0.0,0.0,0.0,0.0,0.0,0.0,10
2.0,0.0,0.0,0.0,0.355555555556,0.244444444444,0.4,0.0,0.0,0.0,10
3.0,0.0,0.0,0.0,0.0,0.0,0.0,0.444444444444,0.244444444444,0.311111111111,10
4.0,0.0,0.0,0.0,0.0,0.0,0.0,0.244444444444,0.355555555556,0.4,10
5.0,0.311111111111,0.244444444444,0.444444444444,0.0,0.0,0.0,0.0,0.0,0.0,10
6.0,0.0,0.0,0.0,0.0,0.0,0.0,0.311111111111,0.4,0.288888888889,10
7.0,0.0,0.0,0.0,0.244444444444,0.444444444444,0.311111111111,0.0,0.0,0.0,10
8.0,0.0,0.0,0.0,0.4,0.311111111111,0.288888888889,0.0,0.0,0.0,10
9.0,0.4,0.355555555556,0.244444444444,0.0,0.0,0.0,0.0,0.0,0.0,10
