index,Blue,Purple,Yellow,Orange,Pink,Red,Brown,DarkGray,Green,participant
1.0,0.355555555556,0.355555555556,0.266666666667,0.0,0.0,0.0,0.0,0.0,0.0,10
2.0,0.0,0.0,0.0,0.333333333333,0.355555555556,0.311111111111,0.0,0.0,0.0,10
3.0,0.0,0.0,0.0,0.0,0.0,0.0,0.355555555556,0.311111111111,0.333333333333,10
4.0,0.0,0.0,0.0,0.0,0.0,0.0,0.355555555556,0.333333333333,0.311111111111,10
5.0,0.333333333333,0.311111111111,0.355555555556,0.0,0.0,0.0,0.0,0.0,0.0,10
6.0,0.0,0.0,0.0,0.0,0.0,0.0,0.266666666667,0.355555555556,0.355555555556,10
7.0,0.0,0.0,0.0,0.311111111111,0.355555555556,0.333333333333,0.0,0.0,0.0,10
8.0,0.0,0.0,0.0,0.355555555556,0.266666666667,0.355555555556,0.0,0.0,0.0,10
9.0,0.311111111111,0.333333333333,0.355555555556,0.0,0.0,0.0,0.0,0.0,0.0,10
