index,Blue,Purple,Yellow,Orange,Pink,Red,Brown,Gray,Green,participant
1.0,0.466666666667,0.177777777778,0.355555555556,0.0,0.0,0.0,0.0,0.0,0.0,8
2.0,0.0,0.0,0.0,0.311111111111,0.377777777778,0.311111111111,0.0,0.0,0.0,8
3.0,0.0,0.0,0.0,0.0,0.0,0.0,0.266666666667,0.511111111111,0.222222222222,8
4.0,0.0,0.0,0.0,0.0,0.0,0.0,0.377777777778,0.311111111111,0.311111111111,8
5.0,0.222222222222,0.511111111111,0.266666666667,0.0,0.0,0.0,0.0,0.0,0.0,8
6.0,0.0,0.0,0.0,0.0,0.0,0.0,0.355555555556,0.177777777778,0.466666666667,8
7.0,0.0,0.0,0.0,0.511111111111,0.266666666667,0.222222222222,0.0,0.0,0.0,8
8.0,0.0,0.0,0.0,0.177777777778,0.355555555556,0.466666666667,0.0,0.0,0.0,8
9.0,0.311111111111,0.311111111111,0.377777777778,0.0,0.0,0.0,0.0,0.0,0.0,8
