index,Blue,Purple,Yellow,Orange,Pink,Red,Brown,DarkGray,Green,participant
1.0,0.311111111111,0.244444444444,0.422222222222,0.0,0.0,0.0,0.0,0.0,0.0,7
2.0,0.0,0.0,0.0,0.244444444444,0.333333333333,0.422222222222,0.0,0.0,0.0,7
3.0,0.0,0.0,0.0,0.0,0.0,0.0,0.222222222222,0.511111111111,0.266666666667,7
4.0,0.0,0.0,0.0,0.0,0.0,0.0,0.333333333333,0.244444444444,0.422222222222,7
5.0,0.266666666667,0.511111111111,0.222222222222,0.0,0.0,0.0,0.0,0.0,0.0,7
6.0,0.0,0.0,0.0,0.0,0.0,0.0,0.422222222222,0.244444444444,0.311111111111,7
7.0,0.0,0.0,0.0,0.511111111111,0.222222222222,0.266666666667,0.0,0.0,0.0,7
8.0,0.0,0.0,0.0,0.244444444444,0.422222222222,0.311111111111,0.0,0.0,0.0,7
9.0,0.422222222222,0.244444444444,0.333333333333,0.0,0.0,0.0,0.0,0.0,0.0,7
