index,Blue,Brown,DarkGray,Green,LightPink,Orange,Purple,Red,Yellow,participant
1.0,0.0,0.0,0.0,0.0,0.311111111111,0.266666666667,0.0,0.422222222222,0.0,10
2.0,0.0,0.311111111111,0.422222222222,0.266666666667,0.0,0.0,0.0,0.0,0.0,10
3.0,0.377777777778,0.0,0.0,0.0,0.0,0.0,0.333333333333,0.0,0.288888888889,10
4.0,0.311111111111,0.0,0.0,0.0,0.0,0.0,0.266666666667,0.0,0.4,10
5.0,0.0,0.0,0.0,0.0,0.377777777778,0.311111111111,0.0,0.311111111111,0.0,10
6.0,0.288888888889,0.0,0.0,0.0,0.0,0.0,0.4,0.0,0.311111111111,10
7.0,0.0,0.377777777778,0.311111111111,0.311111111111,0.0,0.0,0.0,0.0,0.0,10
8.0,0.0,0.311111111111,0.266666666667,0.422222222222,0.0,0.0,0.0,0.0,0.0,10
9.0,0.0,0.0,0.0,0.0,0.311111111111,0.422222222222,0.0,0.266666666667,0.0,10
