index,Blue,Purple,Yellow,Orange,Pink,Red,Brown,DarkGray,Green,participant
1.0,0.266666666667,0.444444444444,0.288888888889,0.0,0.0,0.0,0.0,0.0,0.0,6
2.0,0.0,0.0,0.0,0.2,0.422222222222,0.377777777778,0.0,0.0,0.0,6
3.0,0.0,0.0,0.0,0.0,0.0,0.0,0.266666666667,0.355555555556,0.355555555556,6
4.0,0.0,0.0,0.0,0.0,0.0,0.0,0.422222222222,0.2,0.377777777778,6
5.0,0.355555555556,0.355555555556,0.266666666667,0.0,0.0,0.0,0.0,0.0,0.0,6
6.0,0.0,0.0,0.0,0.0,0.0,0.0,0.288888888889,0.444444444444,0.266666666667,6
7.0,0.0,0.0,0.0,0.355555555556,0.266666666667,0.355555555556,0.0,0.0,0.0,6
8.0,0.0,0.0,0.0,0.444444444444,0.288888888889,0.266666666667,0.0,0.0,0.0,6
9.0,0.377777777778,0.2,0.422222222222,0.0,0.0,0.0,0.0,0.0,0.0,6
