index,Blue,Purple,Yellow,Orange,Pink,Red,Brown,DarkGray,Green,participant
1.0,0.222222222222,0.4,0.377777777778,0.0,0.0,0.0,0.0,0.0,0.0,2
2.0,0.0,0.0,0.0,0.2,0.333333333333,0.466666666667,0.0,0.0,0.0,2
3.0,0.0,0.0,0.0,0.0,0.0,0.0,0.288888888889,0.377777777778,0.311111111111,2
4.0,0.0,0.0,0.0,0.0,0.0,0.0,0.333333333333,0.2,0.466666666667,2
5.0,0.311111111111,0.377777777778,0.288888888889,0.0,0.0,0.0,0.0,0.0,0.0,2
6.0,0.0,0.0,0.0,0.0,0.0,0.0,0.377777777778,0.4,0.222222222222,2
7.0,0.0,0.0,0.0,0.377777777778,0.288888888889,0.311111111111,0.0,0.0,0.0,2
8.0,0.0,0.0,0.0,0.4,0.377777777778,0.222222222222,0.0,0.0,0.0,2
9.0,0.466666666667,0.2,0.333333333333,0.0,0.0,0.0,0.0,0.0,0.0,2
