index,Blue,Purple,Yellow,Orange,Pink,Red,Brown,Gray,Green,participant
1.0,0.288888888889,0.222222222222,0.488888888889,0.0,0.0,0.0,0.0,0.0,0.0,8
2.0,0.0,0.0,0.0,0.333333333333,0.288888888889,0.355555555556,0.0,0.0,0.0,8
3.0,0.0,0.0,0.0,0.0,0.0,0.0,0.222222222222,0.444444444444,0.333333333333,8
4.0,0.0,0.0,0.0,0.0,0.0,0.0,0.288888888889,0.333333333333,0.355555555556,8
5.0,0.333333333333,0.444444444444,0.222222222222,0.0,0.0,0.0,0.0,0.0,0.0,8
6.0,0.0,0.0,0.0,0.0,0.0,0.0,0.488888888889,0.222222222222,0.288888888889,8
7.0,0.0,0.0,0.0,0.444444444444,0.222222222222,0.333333333333,0.0,0.0,0.0,8
8.0,0.0,0.0,0.0,0.222222222222,0.488888888889,0.288888888889,0.0,0.0,0.0,8
9.0,0.355555555556,0.333333333333,0.288888888889,0.0,0.0,0.0,0.0,0.0,0.0,8
