index,Blue,Purple,Yellow,Orange,Pink,Red,Brown,Gray,Green,participant
1.0,0.377777777778,0.244444444444,0.377777777778,0.0,0.0,0.0,0.0,0.0,0.0,9
2.0,0.0,0.0,0.0,0.377777777778,0.333333333333,0.288888888889,0.0,0.0,0.0,9
3.0,0.0,0.0,0.0,0.0,0.0,0.0,0.288888888889,0.377777777778,0.311111111111,9
4.0,0.0,0.0,0.0,0.0,0.0,0.0,0.333333333333,0.377777777778,0.288888888889,9
5.0,0.311111111111,0.377777777778,0.288888888889,0.0,0.0,0.0,0.0,0.0,0.0,9
6.0,0.0,0.0,0.0,0.0,0.0,0.0,0.377777777778,0.244444444444,0.377777777778,9
7.0,0.0,0.0,0.0,0.377777777778,0.288888888889,0.311111111111,0.0,0.0,0.0,9
8.0,0.0,0.0,0.0,0.244444444444,0.377777777778,0.377777777778,0.0,0.0,0.0,9
9.0,0.288888888889,0.377777777778,0.333333333333,0.0,0.0,0.0,0.0,0.0,0.0,9
