index,Blue,Purple,Yellow,Orange,Pink,Red,Brown,Gray,Green,participant
1.0,0.333333333333,0.244444444444,0.422222222222,0.0,0.0,0.0,0.0,0.0,0.0,3
2.0,0.0,0.0,0.0,0.488888888889,0.266666666667,0.244444444444,0.0,0.0,0.0,3
3.0,0.0,0.0,0.0,0.0,0.0,0.0,0.311111111111,0.266666666667,0.422222222222,3
4.0,0.0,0.0,0.0,0.0,0.0,0.0,0.266666666667,0.488888888889,0.244444444444,3
5.0,0.422222222222,0.266666666667,0.311111111111,0.0,0.0,0.0,0.0,0.0,0.0,3
6.0,0.0,0.0,0.0,0.0,0.0,0.0,0.422222222222,0.244444444444,0.333333333333,3
7.0,0.0,0.0,0.0,0.266666666667,0.311111111111,0.422222222222,0.0,0.0,0.0,3
8.0,0.0,0.0,0.0,0.244444444444,0.422222222222,0.333333333333,0.0,0.0,0.0,3
9.0,0.244444444444,0.488888888889,0.266666666667,0.0,0.0,0.0,0.0,0.0,0.0,3
