index,Blue,Brown,DarkGray,Green,Orange,Pink,Purple,Red,Yellow,participant
1.0,0.0,0.0,0.0,0.0,0.533333333333,0.2,0.0,0.266666666667,0.0,2
2.0,0.0,0.466666666667,0.288888888889,0.244444444444,0.0,0.0,0.0,0.0,0.0,2
3.0,0.177777777778,0.0,0.0,0.0,0.0,0.0,0.466666666667,0.0,0.355555555556,2
4.0,0.422222222222,0.0,0.0,0.0,0.0,0.0,0.355555555556,0.0,0.2,2
5.0,0.0,0.0,0.0,0.0,0.177777777778,0.333333333333,0.0,0.488888888889,0.0,2
6.0,0.377777777778,0.0,0.0,0.0,0.0,0.0,0.177777777778,0.0,0.444444444444,2
7.0,0.0,0.333333333333,0.177777777778,0.488888888889,0.0,0.0,0.0,0.0,0.0,2
8.0,0.0,0.2,0.533333333333,0.266666666667,0.0,0.0,0.0,0.0,0.0,2
9.0,0.0,0.0,0.0,0.0,0.288888888889,0.466666666667,0.0,0.244444444444,0.0,2
