Dot,Blue,Brown,DarkGray,Green,LightPink,Orange,Purple,Red,Yellow,participant
1.0,0.0,0.0,0.0,0.0,0.288888888889,0.288888888889,0.0,0.422222222222,0.0,138
2.0,0.0,0.311111111111,0.355555555556,0.333333333333,0.0,0.0,0.0,0.0,0.0,138
3.0,0.444444444444,0.0,0.0,0.0,0.0,0.0,0.288888888889,0.0,0.266666666667,138
4.0,0.244444444444,0.0,0.0,0.0,0.0,0.0,0.333333333333,0.0,0.4,138
5.0,0.0,0.0,0.0,0.0,0.4,0.355555555556,0.0,0.244444444444,0.0,138
6.0,0.288888888889,0.0,0.0,0.0,0.0,0.0,0.377777777778,0.0,0.333333333333,138
7.0,0.0,0.4,0.355555555556,0.244444444444,0.0,0.0,0.0,0.0,0.0,138
8.0,0.0,0.288888888889,0.288888888889,0.422222222222,0.0,0.0,0.0,0.0,0.0,138
9.0,0.0,0.0,0.0,0.0,0.311111111111,0.355555555556,0.0,0.333333333333,0.0,138
