Dot,Blue,Brown,DarkGray,Green,LightPink,Orange,Purple,Red,Yellow,participant
1.0,0.0,0.0,0.0,0.0,0.377777777778,0.311111111111,0.0,0.311111111111,0.0,141
2.0,0.0,0.333333333333,0.355555555556,0.311111111111,0.0,0.0,0.0,0.0,0.0,141
3.0,0.333333333333,0.0,0.0,0.0,0.0,0.0,0.311111111111,0.0,0.355555555556,141
4.0,0.288888888889,0.0,0.0,0.0,0.0,0.0,0.377777777778,0.0,0.333333333333,141
5.0,0.0,0.0,0.0,0.0,0.288888888889,0.333333333333,0.0,0.377777777778,0.0,141
6.0,0.377777777778,0.0,0.0,0.0,0.0,0.0,0.288888888889,0.0,0.311111111111,141
7.0,0.0,0.288888888889,0.333333333333,0.377777777778,0.0,0.0,0.0,0.0,0.0,141
8.0,0.0,0.377777777778,0.311111111111,0.311111111111,0.0,0.0,0.0,0.0,0.0,141
9.0,0.0,0.0,0.0,0.0,0.333333333333,0.355555555556,0.0,0.311111111111,0.0,141
