Dot,Blue,Brown,DarkGray,Green,LightPink,Orange,Purple,Red,Yellow,participant
1.0,0.0,0.0,0.0,0.0,0.266666666667,0.4,0.0,0.333333333333,0.0,194
2.0,0.0,0.333333333333,0.244444444444,0.422222222222,0.0,0.0,0.0,0.0,0.0,194
3.0,0.4,0.0,0.0,0.0,0.0,0.0,0.333333333333,0.0,0.266666666667,194
4.0,0.244444444444,0.0,0.0,0.0,0.0,0.0,0.444444444444,0.0,0.311111111111,194
5.0,0.0,0.0,0.0,0.0,0.4,0.355555555556,0.0,0.244444444444,0.0,194
6.0,0.355555555556,0.0,0.0,0.0,0.0,0.0,0.222222222222,0.0,0.4,194
7.0,0.0,0.4,0.355555555556,0.244444444444,0.0,0.0,0.0,0.0,0.0,194
8.0,0.0,0.266666666667,0.4,0.333333333333,0.0,0.0,0.0,0.0,0.0,194
9.0,0.0,0.0,0.0,0.0,0.333333333333,0.244444444444,0.0,0.422222222222,0.0,194
