Dot,Blue,Brown,DarkGray,Green,LightPink,Orange,Purple,Red,Yellow,participant
1.0,0.0,0.0,0.0,0.0,0.311111111111,0.266666666667,0.0,0.422222222222,0.0,173
2.0,0.0,0.311111111111,0.355555555556,0.333333333333,0.0,0.0,0.0,0.0,0.0,173
3.0,0.355555555556,0.0,0.0,0.0,0.0,0.0,0.377777777778,0.0,0.266666666667,173
4.0,0.311111111111,0.0,0.0,0.0,0.0,0.0,0.266666666667,0.0,0.4,173
5.0,0.0,0.0,0.0,0.0,0.377777777778,0.377777777778,0.0,0.244444444444,0.0,173
6.0,0.311111111111,0.0,0.0,0.0,0.0,0.0,0.355555555556,0.0,0.333333333333,173
7.0,0.0,0.377777777778,0.377777777778,0.244444444444,0.0,0.0,0.0,0.0,0.0,173
8.0,0.0,0.311111111111,0.266666666667,0.422222222222,0.0,0.0,0.0,0.0,0.0,173
9.0,0.0,0.0,0.0,0.0,0.311111111111,0.355555555556,0.0,0.333333333333,0.0,173
