Dot,Blue,Brown,DarkGray,Green,LightPink,Orange,Purple,Red,Yellow,participant
1.0,0.0,0.0,0.0,0.0,0.244444444444,0.488888888889,0.0,0.266666666667,0.0,104
2.0,0.0,0.4,0.333333333333,0.266666666667,0.0,0.0,0.0,0.0,0.0,104
3.0,0.2,0.0,0.0,0.0,0.0,0.0,0.533333333333,0.0,0.266666666667,104
4.0,0.466666666667,0.0,0.0,0.0,0.0,0.0,0.222222222222,0.0,0.288888888889,104
5.0,0.0,0.0,0.0,0.0,0.355555555556,0.177777777778,0.0,0.466666666667,0.0,104
6.0,0.333333333333,0.0,0.0,0.0,0.0,0.0,0.222222222222,0.0,0.444444444444,104
7.0,0.0,0.355555555556,0.177777777778,0.466666666667,0.0,0.0,0.0,0.0,0.0,104
8.0,0.0,0.244444444444,0.488888888889,0.266666666667,0.0,0.0,0.0,0.0,0.0,104
9.0,0.0,0.0,0.0,0.0,0.4,0.333333333333,0.0,0.266666666667,0.0,104
