Dot,Blue,Brown,DarkGray,Green,LightPink,Orange,Purple,Red,Yellow,participant
1.0,0.0,0.0,0.0,0.0,0.488888888889,0.288888888889,0.0,0.222222222222,0.0,133
2.0,0.0,0.266666666667,0.4,0.333333333333,0.0,0.0,0.0,0.0,0.0,133
3.0,0.244444444444,0.0,0.0,0.0,0.0,0.0,0.333333333333,0.0,0.422222222222,133
4.0,0.333333333333,0.0,0.0,0.0,0.0,0.0,0.288888888889,0.0,0.355555555556,133
5.0,0.0,0.0,0.0,0.0,0.244444444444,0.311111111111,0.0,0.444444444444,0.0,133
6.0,0.422222222222,0.0,0.0,0.0,0.0,0.0,0.355555555556,0.0,0.222222222222,133
7.0,0.0,0.244444444444,0.311111111111,0.444444444444,0.0,0.0,0.0,0.0,0.0,133
8.0,0.0,0.488888888889,0.288888888889,0.222222222222,0.0,0.0,0.0,0.0,0.0,133
9.0,0.0,0.0,0.0,0.0,0.266666666667,0.4,0.0,0.333333333333,0.0,133
