Dot,Blue,Brown,DarkGray,Green,LightPink,Orange,Purple,Red,Yellow,participant
1.0,0.0,0.0,0.0,0.0,0.288888888889,0.533333333333,0.0,0.177777777778,0.0,163
2.0,0.0,0.288888888889,0.177777777778,0.533333333333,0.0,0.0,0.0,0.0,0.0,163
3.0,0.422222222222,0.0,0.0,0.0,0.0,0.0,0.333333333333,0.0,0.244444444444,163
4.0,0.133333333333,0.0,0.0,0.0,0.0,0.0,0.466666666667,0.0,0.4,163
5.0,0.0,0.0,0.0,0.0,0.422222222222,0.288888888889,0.0,0.288888888889,0.0,163
6.0,0.444444444444,0.0,0.0,0.0,0.0,0.0,0.2,0.0,0.333333333333,163
7.0,0.0,0.422222222222,0.288888888889,0.288888888889,0.0,0.0,0.0,0.0,0.0,163
8.0,0.0,0.288888888889,0.533333333333,0.177777777778,0.0,0.0,0.0,0.0,0.0,163
9.0,0.0,0.0,0.0,0.0,0.288888888889,0.177777777778,0.0,0.533333333333,0.0,163
