Dot,Blue,Brown,DarkGray,Green,LightPink,Orange,Purple,Red,Yellow,participant
1.0,0.0,0.0,0.0,0.0,0.377777777778,0.4,0.0,0.222222222222,0.0,142
2.0,0.0,0.355555555556,0.222222222222,0.422222222222,0.0,0.0,0.0,0.0,0.0,142
3.0,0.288888888889,0.0,0.0,0.0,0.0,0.0,0.355555555556,0.0,0.355555555556,142
4.0,0.266666666667,0.0,0.0,0.0,0.0,0.0,0.4,0.0,0.311111111111,142
5.0,0.0,0.0,0.0,0.0,0.266666666667,0.377777777778,0.0,0.355555555556,0.0,142
6.0,0.444444444444,0.0,0.0,0.0,0.0,0.0,0.222222222222,0.0,0.333333333333,142
7.0,0.0,0.266666666667,0.377777777778,0.355555555556,0.0,0.0,0.0,0.0,0.0,142
8.0,0.0,0.377777777778,0.4,0.222222222222,0.0,0.0,0.0,0.0,0.0,142
9.0,0.0,0.0,0.0,0.0,0.355555555556,0.222222222222,0.0,0.422222222222,0.0,142
