Dot,Blue,Brown,DarkGray,Green,LightPink,Orange,Purple,Red,Yellow,participant
1.0,0.0,0.0,0.0,0.0,0.244444444444,0.422222222222,0.0,0.333333333333,0.0,8
2.0,0.0,0.355555555556,0.355555555556,0.288888888889,0.0,0.0,0.0,0.0,0.0,8
3.0,0.333333333333,0.0,0.0,0.0,0.0,0.0,0.422222222222,0.0,0.244444444444,8
4.0,0.355555555556,0.0,0.0,0.0,0.0,0.0,0.311111111111,0.0,0.311111111111,8
5.0,0.0,0.0,0.0,0.0,0.4,0.222222222222,0.0,0.377777777778,0.0,8
6.0,0.311111111111,0.0,0.0,0.0,0.0,0.0,0.244444444444,0.0,0.444444444444,8
7.0,0.0,0.4,0.222222222222,0.377777777778,0.0,0.0,0.0,0.0,0.0,8
8.0,0.0,0.244444444444,0.422222222222,0.333333333333,0.0,0.0,0.0,0.0,0.0,8
9.0,0.0,0.0,0.0,0.0,0.355555555556,0.355555555556,0.0,0.288888888889,0.0,8
