Dot,Blue,Brown,DarkGray,Green,LightPink,Orange,Purple,Red,Yellow,participant
1.0,0.0,0.0,0.0,0.0,0.4,0.466666666667,0.0,0.133333333333,0.0,161
2.0,0.0,0.266666666667,0.333333333333,0.4,0.0,0.0,0.0,0.0,0.0,161
3.0,0.222222222222,0.0,0.0,0.0,0.0,0.0,0.4,0.0,0.377777777778,161
4.0,0.288888888889,0.0,0.0,0.0,0.0,0.0,0.266666666667,0.0,0.422222222222,161
5.0,0.0,0.0,0.0,0.0,0.333333333333,0.2,0.0,0.466666666667,0.0,161
6.0,0.488888888889,0.0,0.0,0.0,0.0,0.0,0.311111111111,0.0,0.2,161
7.0,0.0,0.333333333333,0.2,0.466666666667,0.0,0.0,0.0,0.0,0.0,161
8.0,0.0,0.4,0.466666666667,0.133333333333,0.0,0.0,0.0,0.0,0.0,161
9.0,0.0,0.0,0.0,0.0,0.266666666667,0.333333333333,0.0,0.4,0.0,161
