Dot,Blue,Brown,DarkGray,Green,LightPink,Orange,Purple,Red,Yellow,participant
1.0,0.0,0.0,0.0,0.0,0.4,0.355555555556,0.0,0.244444444444,0.0,134
2.0,0.0,0.288888888889,0.355555555556,0.355555555556,0.0,0.0,0.0,0.0,0.0,134
3.0,0.266666666667,0.0,0.0,0.0,0.0,0.0,0.4,0.0,0.333333333333,134
4.0,0.4,0.0,0.0,0.0,0.0,0.0,0.244444444444,0.0,0.355555555556,134
5.0,0.0,0.0,0.0,0.0,0.311111111111,0.288888888889,0.0,0.4,0.0,134
6.0,0.311111111111,0.0,0.0,0.0,0.0,0.0,0.355555555556,0.0,0.311111111111,134
7.0,0.0,0.311111111111,0.288888888889,0.4,0.0,0.0,0.0,0.0,0.0,134
8.0,0.0,0.4,0.355555555556,0.244444444444,0.0,0.0,0.0,0.0,0.0,134
9.0,0.0,0.0,0.0,0.0,0.288888888889,0.355555555556,0.0,0.355555555556,0.0,134
