Dot,Blue,Brown,DarkGray,Green,LightPink,Orange,Purple,Red,Yellow,participant
1.0,0.0,0.0,0.0,0.0,0.244444444444,0.4,0.0,0.355555555556,0.0,115
2.0,0.0,0.355555555556,0.288888888889,0.355555555556,0.0,0.0,0.0,0.0,0.0,115
3.0,0.422222222222,0.0,0.0,0.0,0.0,0.0,0.333333333333,0.0,0.244444444444,115
4.0,0.288888888889,0.0,0.0,0.0,0.0,0.0,0.444444444444,0.0,0.266666666667,115
5.0,0.0,0.0,0.0,0.0,0.4,0.311111111111,0.0,0.288888888889,0.0,115
6.0,0.288888888889,0.0,0.0,0.0,0.0,0.0,0.2,0.0,0.488888888889,115
7.0,0.0,0.4,0.311111111111,0.288888888889,0.0,0.0,0.0,0.0,0.0,115
8.0,0.0,0.244444444444,0.4,0.355555555556,0.0,0.0,0.0,0.0,0.0,115
9.0,0.0,0.0,0.0,0.0,0.355555555556,0.288888888889,0.0,0.355555555556,0.0,115
