Dot,Blue,Brown,DarkGray,Green,LightPink,Orange,Purple,Red,Yellow,participant
1.0,0.0,0.0,0.0,0.0,0.311111111111,0.377777777778,0.0,0.311111111111,0.0,137
2.0,0.0,0.377777777778,0.244444444444,0.377777777778,0.0,0.0,0.0,0.0,0.0,137
3.0,0.4,0.0,0.0,0.0,0.0,0.0,0.222222222222,0.0,0.377777777778,137
4.0,0.244444444444,0.0,0.0,0.0,0.0,0.0,0.333333333333,0.0,0.4,137
5.0,0.0,0.0,0.0,0.0,0.311111111111,0.377777777778,0.0,0.311111111111,0.0,137
6.0,0.355555555556,0.0,0.0,0.0,0.0,0.0,0.444444444444,0.0,0.2,137
7.0,0.0,0.311111111111,0.377777777778,0.311111111111,0.0,0.0,0.0,0.0,0.0,137
8.0,0.0,0.311111111111,0.377777777778,0.311111111111,0.0,0.0,0.0,0.0,0.0,137
9.0,0.0,0.0,0.0,0.0,0.377777777778,0.244444444444,0.0,0.377777777778,0.0,137
