Dot,Blue,Brown,DarkGray,Green,LightPink,Orange,Purple,Red,Yellow,participant
1.0,0.0,0.0,0.0,0.0,0.422222222222,0.266666666667,0.0,0.311111111111,0.0,162
2.0,0.0,0.311111111111,0.4,0.288888888889,0.0,0.0,0.0,0.0,0.0,162
3.0,0.266666666667,0.0,0.0,0.0,0.0,0.0,0.288888888889,0.0,0.444444444444,162
4.0,0.333333333333,0.0,0.0,0.0,0.0,0.0,0.333333333333,0.0,0.311111111111,162
5.0,0.0,0.0,0.0,0.0,0.266666666667,0.333333333333,0.0,0.4,0.0,162
6.0,0.4,0.0,0.0,0.0,0.0,0.0,0.377777777778,0.0,0.222222222222,162
7.0,0.0,0.266666666667,0.333333333333,0.4,0.0,0.0,0.0,0.0,0.0,162
8.0,0.0,0.422222222222,0.266666666667,0.311111111111,0.0,0.0,0.0,0.0,0.0,162
9.0,0.0,0.0,0.0,0.0,0.311111111111,0.4,0.0,0.288888888889,0.0,162
