Dot,Blue,Brown,DarkGray,Green,LightPink,Orange,Purple,Red,Yellow,participant
1.0,0.0,0.0,0.0,0.0,0.244444444444,0.355555555556,0.0,0.4,0.0,105
2.0,0.0,0.288888888889,0.333333333333,0.377777777778,0.0,0.0,0.0,0.0,0.0,105
3.0,0.466666666667,0.0,0.0,0.0,0.0,0.0,0.266666666667,0.0,0.244444444444,105
4.0,0.311111111111,0.0,0.0,0.0,0.0,0.0,0.4,0.0,0.288888888889,105
5.0,0.0,0.0,0.0,0.0,0.466666666667,0.311111111111,0.0,0.222222222222,0.0,105
6.0,0.222222222222,0.0,0.0,0.0,0.0,0.0,0.311111111111,0.0,0.466666666667,105
7.0,0.0,0.466666666667,0.311111111111,0.222222222222,0.0,0.0,0.0,0.0,0.0,105
8.0,0.0,0.244444444444,0.355555555556,0.4,0.0,0.0,0.0,0.0,0.0,105
9.0,0.0,0.0,0.0,0.0,0.288888888889,0.333333333333,0.0,0.377777777778,0.0,105
