Dot,Blue,Brown,DarkGray,Green,LightPink,Orange,Purple,Red,Yellow,participant
1.0,0.0,0.0,0.0,0.0,0.444444444444,0.288888888889,0.0,0.266666666667,0.0,126
2.0,0.0,0.266666666667,0.4,0.333333333333,0.0,0.0,0.0,0.0,0.0,126
3.0,0.311111111111,0.0,0.0,0.0,0.0,0.0,0.311111111111,0.0,0.377777777778,126
4.0,0.266666666667,0.0,0.0,0.0,0.0,0.0,0.311111111111,0.0,0.4,126
5.0,0.0,0.0,0.0,0.0,0.288888888889,0.311111111111,0.0,0.4,0.0,126
6.0,0.422222222222,0.0,0.0,0.0,0.0,0.0,0.377777777778,0.0,0.2,126
7.0,0.0,0.288888888889,0.311111111111,0.4,0.0,0.0,0.0,0.0,0.0,126
8.0,0.0,0.444444444444,0.288888888889,0.266666666667,0.0,0.0,0.0,0.0,0.0,126
9.0,0.0,0.0,0.0,0.0,0.266666666667,0.4,0.0,0.333333333333,0.0,126
