Dot,Blue,Brown,DarkGray,Green,LightPink,Orange,Purple,Red,Yellow,participant
1.0,0.0,0.0,0.0,0.0,0.355555555556,0.4,0.0,0.244444444444,0.0,176
2.0,0.0,0.311111111111,0.355555555556,0.333333333333,0.0,0.0,0.0,0.0,0.0,176
3.0,0.311111111111,0.0,0.0,0.0,0.0,0.0,0.377777777778,0.0,0.311111111111,176
4.0,0.288888888889,0.0,0.0,0.0,0.0,0.0,0.333333333333,0.0,0.377777777778,176
5.0,0.0,0.0,0.0,0.0,0.333333333333,0.244444444444,0.0,0.422222222222,0.0,176
6.0,0.377777777778,0.0,0.0,0.0,0.0,0.0,0.288888888889,0.0,0.311111111111,176
7.0,0.0,0.333333333333,0.244444444444,0.422222222222,0.0,0.0,0.0,0.0,0.0,176
8.0,0.0,0.355555555556,0.4,0.244444444444,0.0,0.0,0.0,0.0,0.0,176
9.0,0.0,0.0,0.0,0.0,0.311111111111,0.355555555556,0.0,0.333333333333,0.0,176
