Dot,Blue,Brown,DarkGray,Green,LightPink,Orange,Purple,Red,Yellow,participant
1.0,0.0,0.0,0.0,0.0,0.288888888889,0.355555555556,0.0,0.355555555556,0.0,171
2.0,0.0,0.333333333333,0.355555555556,0.311111111111,0.0,0.0,0.0,0.0,0.0,171
3.0,0.288888888889,0.0,0.0,0.0,0.0,0.0,0.377777777778,0.0,0.311111111111,171
4.0,0.377777777778,0.0,0.0,0.0,0.0,0.0,0.288888888889,0.0,0.333333333333,171
5.0,0.0,0.0,0.0,0.0,0.377777777778,0.288888888889,0.0,0.333333333333,0.0,171
6.0,0.333333333333,0.0,0.0,0.0,0.0,0.0,0.311111111111,0.0,0.355555555556,171
7.0,0.0,0.377777777778,0.288888888889,0.333333333333,0.0,0.0,0.0,0.0,0.0,171
8.0,0.0,0.288888888889,0.355555555556,0.355555555556,0.0,0.0,0.0,0.0,0.0,171
9.0,0.0,0.0,0.0,0.0,0.333333333333,0.355555555556,0.0,0.311111111111,0.0,171
