Dot,Blue,Brown,DarkGray,Green,LightPink,Orange,Purple,Red,Yellow,participant
1.0,0.0,0.0,0.0,0.0,0.244444444444,0.377777777778,0.0,0.377777777778,0.0,129
2.0,0.0,0.488888888889,0.222222222222,0.288888888889,0.0,0.0,0.0,0.0,0.0,129
3.0,0.355555555556,0.0,0.0,0.0,0.0,0.0,0.244444444444,0.0,0.4,129
4.0,0.333333333333,0.0,0.0,0.0,0.0,0.0,0.377777777778,0.0,0.266666666667,129
5.0,0.0,0.0,0.0,0.0,0.266666666667,0.4,0.0,0.333333333333,0.0,129
6.0,0.311111111111,0.0,0.0,0.0,0.0,0.0,0.355555555556,0.0,0.333333333333,129
7.0,0.0,0.266666666667,0.4,0.333333333333,0.0,0.0,0.0,0.0,0.0,129
8.0,0.0,0.244444444444,0.377777777778,0.377777777778,0.0,0.0,0.0,0.0,0.0,129
9.0,0.0,0.0,0.0,0.0,0.488888888889,0.222222222222,0.0,0.288888888889,0.0,129
