Dot,Blue,Brown,DarkGray,Green,LightPink,Orange,Purple,Red,Yellow,participant
1.0,0.0,0.0,0.0,0.0,0.444444444444,0.377777777778,0.0,0.177777777778,0.0,130
2.0,0.0,0.311111111111,0.266666666667,0.422222222222,0.0,0.0,0.0,0.0,0.0,130
3.0,0.244444444444,0.0,0.0,0.0,0.0,0.0,0.266666666667,0.0,0.488888888889,130
4.0,0.288888888889,0.0,0.0,0.0,0.0,0.0,0.444444444444,0.0,0.266666666667,130
5.0,0.0,0.0,0.0,0.0,0.244444444444,0.355555555556,0.0,0.4,0.0,130
6.0,0.466666666667,0.0,0.0,0.0,0.0,0.0,0.288888888889,0.0,0.222222222222,130
7.0,0.0,0.244444444444,0.355555555556,0.4,0.0,0.0,0.0,0.0,0.0,130
8.0,0.0,0.444444444444,0.377777777778,0.177777777778,0.0,0.0,0.0,0.0,0.0,130
9.0,0.0,0.0,0.0,0.0,0.311111111111,0.266666666667,0.0,0.422222222222,0.0,130
