Dot,Blue,Brown,DarkGray,Green,LightPink,Orange,Purple,Red,Yellow,participant
1.0,0.0,0.0,0.0,0.0,0.244444444444,0.4,0.0,0.355555555556,0.0,159
2.0,0.0,0.311111111111,0.311111111111,0.377777777778,0.0,0.0,0.0,0.0,0.0,159
3.0,0.4,0.0,0.0,0.0,0.0,0.0,0.355555555556,0.0,0.244444444444,159
4.0,0.244444444444,0.0,0.0,0.0,0.0,0.0,0.333333333333,0.0,0.4,159
5.0,0.0,0.0,0.0,0.0,0.444444444444,0.288888888889,0.0,0.266666666667,0.0,159
6.0,0.355555555556,0.0,0.0,0.0,0.0,0.0,0.288888888889,0.0,0.355555555556,159
7.0,0.0,0.444444444444,0.288888888889,0.266666666667,0.0,0.0,0.0,0.0,0.0,159
8.0,0.0,0.244444444444,0.4,0.355555555556,0.0,0.0,0.0,0.0,0.0,159
9.0,0.0,0.0,0.0,0.0,0.311111111111,0.311111111111,0.0,0.377777777778,0.0,159
