Dot,Blue,Brown,DarkGray,Green,LightPink,Orange,Purple,Red,Yellow,participant
1.0,0.0,0.0,0.0,0.0,0.288888888889,0.244444444444,0.0,0.466666666667,0.0,111
2.0,0.0,0.355555555556,0.333333333333,0.311111111111,0.0,0.0,0.0,0.0,0.0,111
3.0,0.4,0.0,0.0,0.0,0.0,0.0,0.266666666667,0.0,0.311111111111,111
4.0,0.422222222222,0.0,0.0,0.0,0.0,0.0,0.311111111111,0.0,0.266666666667,111
5.0,0.0,0.0,0.0,0.0,0.355555555556,0.422222222222,0.0,0.222222222222,0.0,111
6.0,0.177777777778,0.0,0.0,0.0,0.0,0.0,0.422222222222,0.0,0.4,111
7.0,0.0,0.355555555556,0.422222222222,0.222222222222,0.0,0.0,0.0,0.0,0.0,111
8.0,0.0,0.288888888889,0.244444444444,0.466666666667,0.0,0.0,0.0,0.0,0.0,111
9.0,0.0,0.0,0.0,0.0,0.355555555556,0.333333333333,0.0,0.311111111111,0.0,111
