Dot,Blue,Brown,DarkGray,Green,LightPink,Orange,Purple,Red,Yellow,participant
1.0,0.0,0.0,0.0,0.0,0.288888888889,0.266666666667,0.0,0.444444444444,0.0,183
2.0,0.0,0.422222222222,0.288888888889,0.288888888889,0.0,0.0,0.0,0.0,0.0,183
3.0,0.377777777778,0.0,0.0,0.0,0.0,0.0,0.244444444444,0.0,0.377777777778,183
4.0,0.377777777778,0.0,0.0,0.0,0.0,0.0,0.4,0.0,0.222222222222,183
5.0,0.0,0.0,0.0,0.0,0.288888888889,0.444444444444,0.0,0.266666666667,0.0,183
6.0,0.244444444444,0.0,0.0,0.0,0.0,0.0,0.355555555556,0.0,0.377777777778,183
7.0,0.0,0.288888888889,0.444444444444,0.266666666667,0.0,0.0,0.0,0.0,0.0,183
8.0,0.0,0.288888888889,0.266666666667,0.444444444444,0.0,0.0,0.0,0.0,0.0,183
9.0,0.0,0.0,0.0,0.0,0.422222222222,0.288888888889,0.0,0.288888888889,0.0,183
