Dot,Blue,Brown,DarkGray,Green,LightPink,Orange,Purple,Red,Yellow,participant
1.0,0.0,0.0,0.0,0.0,0.311111111111,0.422222222222,0.0,0.266666666667,0.0,172
2.0,0.0,0.222222222222,0.422222222222,0.355555555556,0.0,0.0,0.0,0.0,0.0,172
3.0,0.288888888889,0.0,0.0,0.0,0.0,0.0,0.466666666667,0.0,0.244444444444,172
4.0,0.311111111111,0.0,0.0,0.0,0.0,0.0,0.311111111111,0.0,0.377777777778,172
5.0,0.0,0.0,0.0,0.0,0.466666666667,0.155555555556,0.0,0.377777777778,0.0,172
6.0,0.4,0.0,0.0,0.0,0.0,0.0,0.222222222222,0.0,0.355555555556,172
7.0,0.0,0.466666666667,0.155555555556,0.377777777778,0.0,0.0,0.0,0.0,0.0,172
8.0,0.0,0.311111111111,0.422222222222,0.266666666667,0.0,0.0,0.0,0.0,0.0,172
9.0,0.0,0.0,0.0,0.0,0.222222222222,0.422222222222,0.0,0.355555555556,0.0,172
